BCAS20001	EA4E6328D1539E6A4B448E4CCE65DFFC
BCAS20002	668D6454499586CE65A32CAF7D3D4252
BCAS20003	777BCC236FCC0C44BC8900DDF002B7D8
BCAS20005	51CECB86B97C76B9440715F3D118551A
BCAS20008	22D5E2218AE26FE815DEC8B3097D6020
BCAS20009	D7C7C586DD53F4F7ACD39A86EDF60785
BCAS20013	B1D9A945A1E440BFE95DD84CB89EBFB2
BCAS20014	B3633A21B0E36AC766AC718304D54BED
BCAS20018	A08587668E972E384E139AB4C71A7E4B
BCAS20019	28111E6176DF75BA63722353CC5CF416
BCAS20020	2C2AC6085ED5FD26E941755AA890634B
BCAS20021	C0644078CC79D4F1112E0A60DEC04A34
BCAS20023	E38769D9071EB8A6FDCB3B1CD846D93B
BCAS20024	00CEEE6A9834B114FE0A70DCDFF28412
BCAS20026	6A4D62864D92B2AA2561104B23A4691D
BCAS20027	7FD307DA75A6AA4183BBA759A66A79D6
BCAS20030	C37828289392010638299EC536CC66DB
BCAS20034	881E497C6BF90F20284D417B370FAA90
BCAS20037	777BCC236FCC0C44BC8900DDF002B7D8
BCAS20038	B1D9A945A1E440BFE95DD84CB89EBFB2
BCAS20039	EA4E6328D1539E6A4B448E4CCE65DFFC
BCAS20040	3EAFC8FB4D5727D29B9BF8B513993395
BCAS20041	55FE226C1FB9F94023077B3FCAF0EA57
BCAS20043	DEBDF52EA336E58F1A0A72388C0F8861
BCAS20044	2E916B9E55855FC34783F5D45F1F46CA
BCAS20047	4BE29D1D8FDD73365861AD0D58AEAD74
BCAS20048	02060CC1E7DE90745559C6069CE8A532
BCAS20050	7623B992CFD1E87173E4540DF1AA7896
BCAS20052	4B3C5B60CD7EF77F010013ECD5200507
BCAS20055	1C61A6AD26B900CDD1AE54FB59D65B2A
BCAS20056	CCCB1CB7F2295978AEFFE5CFFB6ECDF2
BCAS20058	C44740A631FBC7BFF2CEAD118A58100C
BCAS20061	BED17AE8C5BBA07A5B9FAD37F378F753
BCAS20062	9A2B6487AFB79B91357704ACBF710165
BCAS20063	3709DF18C30D57E9A7F3699CBCC7F46E
BCAS20064	05B2AEA433A39017DBD781A7E212D32F
BCAS20066	1C7C531BC13E86C763B79C0DC3F724C8
BCAS20071	9A8C536701DC3816B6A1DF5E1BAC0D6E
BCAS20073	7F11EC83787288D04F2D1D46851AEC1B
BCAS20078	C81193F68861D6D6B1BACE40BFFDC1FC
BCAS20079	00CEEE6A9834B114FE0A70DCDFF28412
BCAS20080	28B95CAC85600EFF9875604A2E9E4880
BCAS20082	4BE29D1D8FDD73365861AD0D58AEAD74
BCAS20085	02060CC1E7DE90745559C6069CE8A532
BCAS20087	C4BF7AB25E33DF1DEC871DA8E9D6146C
BCAS20089	58C14681583B101580874FCB19A8F812
BCAS20090	9A2B6487AFB79B91357704ACBF710165
BCAS20093	F01B29660A8B4ABBEBEF22FBDD8DE75C
BCAS20095	11AC5C352DF25D9982D97F0D4B0C2076
BCAS20097	4A20018A6F16BC7411DD793FE1AE612E
BCAS20102	323CE7042E84AF01555853C280760F1F
BCAS20105	951E37E3A5260B931E8D5F251B570BCA
BCAS20107	9CCA7A1AD2FE8B5E2DFA9BD43E7DE9FE
BCAS20110	1C61A6AD26B900CDD1AE54FB59D65B2A
BCAS20113	576BE6A04408BC6624B15B15B31122A4
BCAS20114	1A06DC140E1B63152D4BDE54C196B990
BCAS20115	9A8C536701DC3816B6A1DF5E1BAC0D6E
BCAS20118	67CD620A92767B5AFB47446C34FE4C75
BCAS20123	EF053DDE7F43262059370BF221EE4078
BCAS20125	8506EB71D9D79485C7636307720944F9
BCAS20127	0C4436EE2D68384EF082A8A04D624ADF
BCAS20129	8A073D251F8627FB750EF8971331EB4D
BCAS20131	C4BF7AB25E33DF1DEC871DA8E9D6146C
BCAS20135	8A7AE6D704046E7050E6B4A01D171C32
BCAS20136	1917F6F2623F168DB70E34E75C30E06A
BCAS20137	1ECD5C5E429F31A2FC3E7EB68EEE6FBC
BCAS20140	ED27FB6C2D52A758C9E0769886B813B5
BCAS20142	4A20018A6F16BC7411DD793FE1AE612E
BCAS20144	9D17A24BE02EEA92E52434835970A508
BCAS20148	992C879319A1EDD7057DB82BFCCCBE08
BCAS20150	51B47B745456D82EE54FF230A941BBD1
BCAS20151	002FD549094941276F7DB525142D7077
BCAS20153	93CE8B1B314FBB9A174B5F1D4B7C933A
BCAS20156	58768E90162C7BE67B97E220059D39DA
BCAS20158	BBEBDD36F30807D943FCDCF7BC440916
BCAS20159	C2892CC93A1A73AA4CEAEA6442E56718
BCAS20160	7E62571511F127C7D473C7846B8DCBF6
BCAS20163	434F13840A99D4891307CB24CC132909
BCAS20166	9F9060F731A73C10FF7DCE6FFBF41CF2
BCAS20167	73559B894F09C610864A29A23C115CCA
BCAS20171	2258C696D59059E3DBB97ADE081C2AED
BCAS20173	B266B61019B1578D50D70724C629B4C8
BCAS20175	1852785187ADD235E9A80D0D63AB9FD8
BCAS20180	34291703A622ED1D81D28A7ECBAE5A8D
BCAS20181	559C30F3468CD2CBDF09B1AFA8093ADC
BCAS20185	3579789ADB39414340C70BC00903D67A
BCAS20186	A0D8F5C32187B244B78AAAA93FF5D508
BCAS20192	FCF4D4F2CEBCB4881310BF6C331FBD34
BCAS20201	6F5CD16FAF116318D96045B60F83DF09
BCAS20205	F44D09064E82FE688A1AD45E3382AB89
BCAS20218	847E316BD97DC0F4E502DC3C26F95E59
BCAS20222	D6EAD11AC30497D793DC4C9B47082F83
BCAS20224	E924315D1D0710CE28749A1639A251F0
BCAS20226	D806CC4591D5109BD064F6FEA1842F54
BCAS20229	002FD549094941276F7DB525142D7077
BCAS20233	63399C248C5DC701C4558A4DE68DE4B9
BCAS20236	7074C5B1E55EA21A4BD6EA880A4863BB
BCAS20237	B0D6FBBD76D84E9EACE98EF5325A257F
BCAS20239	31A798C046ECEEB6A10A9F3EAE2A66C7
BCAS20240	E5CEC764A6D11C80272030A938CE3CC2
BCAS20242	0613827EABA81104D5C012A04A973FF0
BCAS20244	6BA9A0160D8EF0799443B122390FFE5D
BCAS20247	099604851FCC61E14EC7454807F6CEFA
BCAS20250	5DE0100CBCDB77F972C4EB0EAA076FE6
BCAS20252	1EF2BF41C95A58A192012320346C33B6
BCAS20253	0CDCB9E5945539C26F39A1351ED62A8E
BCAS20254	83DF95691BB6AD2D23AD75A61DC07E6B
BCAS20263	363B42095D9D7D13BAA79C192D994BF1
BCAS20267	002FD549094941276F7DB525142D7077
BCAS20272	0A68F88D024244CD79E34B7E094A84F5
BCAS20274	7BBB2024012EA68F71FBF3968738A71E
BCAS20276	399BEE85C691F3B84F1233DBC33E797B
BCAS20279	41BCF2011FE8C42BFF6499EF60346F3B
BCAS20283	E924315D1D0710CE28749A1639A251F0
BCAS20289	7ED309572E76886B4DF644A0F5CCF170
BCAS20290	50A0D50CE393F1DCA504070BC473951A
BCAS20292	F64E48E7F8C0FAD793EA1A7161E4FBA5
BCAS20298	C7DA4C10D73523CF7BD4FCC9331ABB57
BCAS20311	DF785C69E7AED25F084073390AD8A32D
BCAS20319	62213DD931601404BF45B4D03805DA2A
BCAS20322	4073A56164676E76EEE74B062E29C27D
BCAS20333	993E3B66D7092BDF68604B4599C8AAE8
BCAS20335	C7DA4C10D73523CF7BD4FCC9331ABB57
BCAS25001	CF76D16B5ECA9ED7EB54889C9C30031C
BCAS25003	E599CD61FB440989EFC9B957C08C759D
BCAS25006	9CCA7A1AD2FE8B5E2DFA9BD43E7DE9FE
BCAS25007	E599CD61FB440989EFC9B957C08C759D
BCAS25008	4C897D0A84C2ED7F6B2EDFAB636BA335
BCAS25009	D3DE09D2D876BD550B18DE358E243C33
BCAS25011	CE6363AA1B3B71DFE6ED55536296E661
BCAS25012	CACA9F1A9EC1A3C7B6D808F406013B8F
BCAS25014	1535AEDCCC270249299D9BB4A842BF48
BCAS25015	2FE9D1B788EB6089652CD9AD4CF18261
BCAS25016	ABFFA1314766529D50344D5590097D3F
BCAS25020	8C72C4861CA0783BBEB56CAF04D5D025
BCAS85001	A010F04631069D10F98DE2D46F2D7B0E
BCAX90001	A327E7C71EC5F0C65F69FB41033DFC79
BCAX90003	643AC465F5FB547A802A908F766AE512
BCAX90004	7AF8A229D9849250EFA54FE8CA6729DB
BCED00060	D91056EBBD4D57FA2339B17600706A6B
BCED00084	C0CCBCCE3FDD87E617DCDEA6F7AE9D46
BCED00085	555807B65F0DBE84BFE22086C8A41162
BCED00086	5E0E37B08D34D91EEF67E0D78B0522BF
BCED00087	73C0E8D9E4DF4BF881B7967D39CC4141
BCED00088	442CAA581A8FEA2648AB67F4820E7A51
BCED00181	D3DB8AABAF19987275A969EC5D8256C1
BCED00202	1FB37C275CD1AD08262F59C07096C86C
BCED00203	2D2B01D8DF20991607211A89EA3B9DC2
BCED00204	04C9DC83D0F6E3E6ED312CE600AAEA68
BCED00205	1AD8AA9D2AE27F1C3ADB5ED1369226E3
BCED00206	F3B14866DC987149AED8ECBA4B25F420
BCED00207	7FA753B7B74EC29628F62769FC2D3430
BCED00208	3EC54AA0810700BF05860C0268C028C9
BCED00209	1F33C8E1ECE34BDC063172CADB3A9B35
BCED00210	F7E192ED755EC3989A1BFE731AB05C5E
BCED00211	0B48B618308CE4FEF7C2401462A85004
BCED00212	1562DD6C7DF4B8F7CA330BC7AA079E7B
BCED00213	2DD8051A4305F156015128A8BD3D61B5
BCED00214	080E181FA928D91E181191449165097E
BCED00393	B1BA5747F94982650A96500D66232941
BCED00426	CFAFD1A5F4DD54E3D887DE7BAD1CDF0F
BCED00427	29E0C449012D158C5A3DAE09761521E1
BCED00428	4634034EBB5AA329E654D6E444EADCB7
BCED00429	1EC47D6081ABA144BE13066C08BA2CCE
BCED00430	CC4FB4375B7C40AC18671719DBDC22E5
BCED00431	3A74B3F480436B80D1FDD5FE6646537E
BCED00432	CDC1C51A5291E938DB7709AE2EFE1670
BCED00433	279597B320927D37812C199F278CBFB2
BCED00434	A82957D86730CC05B24B34144FFF511B
BCED00435	E3A972685A0039E1A00650EC9445DC78
BCED00436	01F9EAC46AF8501886BBC3D950460103
BCED00437	1A5A08B745E54CB2D7F6C7978639C166
BCED00438	490DCEF05C2729BAB2C964EA5A3D9EC8
BCED00439	98243E7B9969439DFE9139C28746007F
BCED00803	69D9B0A00E669C70DF736C59641BE214
BCED00804	91FDF068D1BFACE0F0B897518E636953
BCED00805	B8701F73B7F2C3ED63B81479BD19F2F8
BCED00806	5FB37824F5B8A5601403311BF442FE97
BCED00807	0428A0B5286FB4B7D13B5C2B992E6650
BCED00808	6EC04E9AACA743453330CBC0D6C74267
BCED00809	66DC1743C48E3B127F2CA2EC6D248370
BCED00810	2D55D2320398B2BE364D97BFD511D54E
BCED00811	863430464B79D144A2B30F56C65B97D1
BCED00812	8009B8FD0B83AFD9A7A8E62EFFEBE6DA
BCED00813	58A1FE2B257588E8DA279C734B5BB127
BCED00814	4E8B18E95ED58C3478461B0EA56A822C
BCED00815	5A75C384A07487D12E9B757A4220C586
BCED01063	5E0D834D712A569977CAE6D36173E665
BCED01196	92B11058CC7B82245CE6B5FAD08B984E
BCED01197	30180409DFC14DF6174740331DE7F59B
BCED01198	AF83C60A7C31F6631E7BF84D1CD6B489
BCED01199	F067A184BFF8AAFB72141D4B753CF4F5
BCED01200	C04345431A94CC813DF5E2651C74E534
BCED01201	C04345431A94CC813DF5E2651C74E534
BCED01202	CAEA6D6F9E24EAEF866727A67A54E351
BCED01203	3C86741CEC3EF61ACBFAC5FE16CA4AE4
BCED01204	0B3E861F83361BAD107A95AA8AD183FA
BCED01205	DCC0095404133D8C7EF2711BEFCF7F7B
BCED01206	4B0DBEB50F9147248D3C7E7141343330
BCED01207	26060865710A601DA052847653043B54
BCED01208	8B2722B72F00FC3B2A254D91FBC6C23A
BCED01209	8D1284E87D41C4E66FAA76B410807CAE
BCED01564	7F4359BC760D1976FEF506FD8AACD81F
BCED01565	4924445691160137B05742AD53A57336
BCED01566	7D84E4BB17610129BCD6F134F4F7CC82
BCED01567	CDBB5C3FCA0E842D457217FB7CF8600E
BCED01568	E5F164FAC6729095F53B3A2C5EC66CB8
BCED01569	B721C064D486063A87DF4552E9251E43
BCED01570	8031007960FC1062ECF5463E84A77356
BCED01571	1B7D1BBE14AF2ADD8F02506191C6142E
BCED01572	F48548FDDC06941DC4E32A673DC01BCF
BCED01573	E489C00634B8B467DA3C0360FC000251
BCED01574	A6CB9545779F6A2227A404E92315B887
BCED01575	69C15000FEF56FA53FBAED7D0B02C3AE
BCED01576	91D898664841FF055C6504ED0FBE3BBA
BCED01577	D4E68A2E473251907DAB2BB219E0AF1F
BCED01817	2569FC1E955309A6500CBCD714F62CB4
BCED01818	C8D73EE3126A9C7865A5243AEE3303C4
BCED01819	638ACDA2BB5B981CE3BBC700A42B268C
BCES00000	67C0758CF4996FEF7E88F90CC6959D66
BCES00001	4CDF87A93177CB7EA9EA7DF48F6ACC65
BCES00002	A2952243B12C5E347257BE6996E2C475
BCES00004	E79142989B5694C3B9CBE7A4C2B9BBC6
BCES00005	BB81884C2A8B5BDCDF281C1719085C5A
BCES00006	1D4D87BB19E172F4B2DE9485C090268F
BCES00007	BC2A194F83F6BF9F13AE09B23C9FFC28
BCES00008	2B9B7EDAAE6CAF304CCD0E93239663F8
BCES00009	68B7F0FBBB22DA8D44A69A64EFE6AAF0
BCES00011	433A062F6872B2510541C53513F8F19F
BCES00030	3A28027B2A568F689A473CED20E5791E
BCES00031	B209C6B54FD8A558D17A6BE84FE75E5D
BCES00032	14BFD333D4E9FD8AA65ED15684B62567
BCES00050	2EF01AE8E6D8519BBF2EABA503E0DED6
BCES00051	ADF6DED5881CA953CF5DCF13C138F4FA
BCES00052	EE4C40FC6FA65E589312014D0553D369
BCES00057	F0D4398534192C8AE8C9B3412158405B
BCES00065	9253D026918378B3120CBB9F71CD67A9
BCES00068	F195D58B555E2F2409A49FB879976E6E
BCES00069	2B3CCA10ABEE7696FB62133E46016D56
BCES00078	5509CDDF8CB5373F0B1FA3654DBF7BDC
BCES00081	EC159CBD80DC8CDCC69FEF0EC3664E6B
BCES00096	89E2E4C1C4F22A0AB449AC347292CD0B
BCES00098	EC82C11203D9BE6596D4AFF8134F32C5
BCES00099	11118946FE2E0C599F6C165E217A2FB4
BCES00104	F992B84821D003F176D9176C396C0910
BCES00112	0E1C1F4655B8CCFF7D1B8E85A945B484
BCES00129	CA83413AB24A2766E84351D99B2913C7
BCES00141	9D3D0F97A5C42CD88285BA648892B1F1
BCES00173	DB2A8EBF8AD7599D220C46DF8B0879FF
BCES00185	57221B9F1C4FFC72A3F7A6A843B8519E
BCES00195	F1236757E52CC61C854A905EDFA5AA72
BCES00216	939BA058A6ACD24D571CA5916822856C
BCES00220	43578E5C930CA974D5A475320CEA6B7A
BCES00225	31F5F96048D1255610D2C6523FF76EF4
BCES00226	19D32E488F8253F4CEA8643641C6B13E
BCES00233	2BFB9B7C42701102589A291C9FF5E154
BCES00234	F87354E3EC040F6700D8F54A9BA79F6A
BCES00235	2DA7CAB815859BC6479CFF3DFCC0404E
BCES00264	7071BE29999809861854A9BCA78F021A
BCES00265	0A86E793AA9B2422B2B337C1F05586F7
BCES00266	31F4F0DAC1026C030BF46AA76FCBDD57
BCES00267	A94828A149556CCE9DE0757A543263D4
BCES00293	E59D3BB61E55097ADBA3E16D36434409
BCES00294	1E9BCEE2384BFED51E6D9EED56776EA8
BCES00301	9135C724E9A018E3E5ADDE153A8FF4BC
BCES00303	7E553CA3B86DE17030C571555361475C
BCES00304	AC5A6BB824D4EF6CBDAAF704CDC1E009
BCES00305	707F038D7F563194F4673C0DF85D067B
BCES00341	336424DFC2EAB1B20256ADAD083F5AF5
BCES00342	C4EABDA4D6EEFCBB3A02804BA320C1DB
BCES00343	7449B9F97A52E49FBED5DF4481B9D229
BCES00344	9B103648091BBBC1E14D70C3EC64A4B2
BCES00345	A1763C5EB5595A330E8A38B5731DA334
BCES00346	02E286A2EC8AB4F8DB811F03B4C86706
BCES00347	BA236E9755542ED185E2B2AA825656B5
BCES00348	C6598A39B06AA0761F1EFC97BA519EB3
BCES00349	DBB741B8CC9E3245EABF707AB4012B97
BCES00350	4A7063FE44EF61AC1EA40371047D12E7
BCES00351	A0950DBA3B0E9EE58F474AA751180ADD
BCES00363	EFC403373726EB72DD711523714BAD19
BCES00364	CA30FBCE628679EEFFBA5C9F07D85BE3
BCES00365	A8D6F77E7EAF69AD79612084A71979A6
BCES00366	9875D7A597541D39E3C6F1F0F85A865D
BCES00367	5F0386B9D62F84DB0364D8EB1BF0180D
BCES00381	E6B420C0E1C30A3105EE1AC6D8854572
BCES00423	23E4E059FBB1DFD487CF0654753ED5F0
BCES00440	33DD471E83CB93803D22D0F24F3DE605
BCES00458	AC577EEAACC6403705E27BBF92C5A2EE
BCES00459	9FBBE43EE29767EBBA31BBBCD5D60913
BCES00463	DB665A7D01E2127C27F30F8341C7B9EC
BCES00483	20066E805117BA93BA0DBFCC529B8588
BCES00484	9D72C9A54084164BC81D63431D7CEAB8
BCES00494	9367A8A556B812C83EA05E4CE820EFDC
BCES00509	918E51CF827BDECE4F9D194C80B4355F
BCES00510	34C6E1FBC997E74CA2A2C37A8104DB55
BCES00511	9A8CFE9C2F6F8879F0409A93D4A1E37F
BCES00518	63EA22A6CBA11688784058A0F906737F
BCES00519	CB9DC29BE9FBA80290246250F6264FBE
BCES00520	F2F87BC93341AC57DFF0B000262C6161
BCES00531	A7796E0D4D75739EB1A959F5089C72A0
BCES00548	A71A5BA0672282C62FA614A7CA596C13
BCES00558	8F1FFBB0984ADB604F12C5D4859927D8
BCES00569	07AE3DF769DC4AB6E59F5431280B752D
BCES00583	75090F4C9D06E0B55641A89E9BC4B4A1
BCES00591	0794465369A9C0F28950B77C318DB858
BCES00596	FB2E39B5BD225BC11CBE5E19D62ABDB5
BCES00598	ED2DCC2A8032A6195D8015D446D46CC2
BCES00607	AC3045A8BB1E37416D1D26FB75460517
BCES00609	2333C46D2DEBFFF6FB832D68FFEE14AD
BCES00611	FA2E8AE084C196C9A9E266FA7BD82BEB
BCES00614	E394797FAA2F01BD6A39A4DA1CB5F279
BCES00617	C85492EC468E3416285864DDA0C97EF6
BCES00621	860752FFCC7594E27721BEA0AC92D186
BCES00622	42DBF581D77EC5E03343C8DA9BEE41C9
BCES00624	A2505171EE569D9CBD7B41CC249F6B70
BCES00625	9042F8CFEDC8B09D8546E6CF42B59E3B
BCES00634	193712E99FC4F0FDDFD7182A49D42849
BCES00640	645CBBB841F1AE233B0D55372687B361
BCES00642	80D36FB1169AC27B084B48A9555003BF
BCES00644	5316EF4723C502D34F5BA79D0B8F52F4
BCES00645	DB59F0B850E98B249056078E1551C86A
BCES00646	B21035BDFAE5100668CF4DEFC52B5BD1
BCES00647	419F6B48B74E04E187FD3675A1B44A63
BCES00664	70FC84A62E9941E8F43540044D5C27BA
BCES00701	BE4EA370B05B5DA4C53BE01EF7471A6F
BCES00722	83244C8883DDB07CE9D599918B8483FA
BCES00726	CC9BA00F63E4EB2AD3F26B4E1CA1231C
BCES00727	988DCB4AFBA8CB2A489516536219C59D
BCES00747	588CC6E6F85284A0F4469F0C47A8B1B3
BCES00748	AD2864B5014CA45CC538B913B5E7A1E4
BCES00757	99EB485118C1C1BAEF9218540AFEBDEA
BCES00764	B0FE72CD54E1E314BC9663441577833A
BCES00784	A8BCEB9BE4C0D519EEDB4A2EA7D2319A
BCES00791	892F7A9337A7D221BFC99169A009C7F5
BCES00795	B3A8CD33B5D25EE5A22BDA20B5CBCE96
BCES00797	2F71181A5755512FDD2C9D038103AEF9
BCES00799	4DC66796D1351B2B1FC357AC2CB0E22F
BCES00800	A7901B5CE57DD279C60C00618BFBAACA
BCES00802	51DD6435A56627F66A8E9D861A47B1BD
BCES00818	9BF22A1CC032EEF5C9305C72A5106A0E
BCES00819	51AF56C6D85C52D1D7F38C199825FA58
BCES00828	6D0C348B73565DA41E31C9E8C13F320B
BCES00829	179590F806653BFF288AEEBCB51E8713
BCES00830	84E83A6DDE653F7C4D69F99F2F1FF14E
BCES00831	3D7002AEDA5B0B696899A9AAA6533FCA
BCES00835	809A94849B5652BFED90B72976BE8304
BCES00846	04FD238B0AC0F54C97C08F484ABF4B92
BCES00847	D804A966497895CD6E5DE36682CAB376
BCES00850	5EF6C5C0A75F02C911C582E3C1085527
BCES00852	0A2A43C10B4297AC090DC2A3009C8B4E
BCES00856	8E5EB2A0E5D21027CE289685461D029C
BCES00864	68A2C7B8CBBF9F688B9D809CBFE3E416
BCES00865	FDF8A5FC21EB86238A8C7F0C0F14DD21
BCES00869	EBE01EBE56987662DC9D9C2951B5BB19
BCES00871	0A918BD0161BA88A9F0D199CA70C4859
BCES00873	5E2222CA5B3B26EAEC46BF76D0FDB1B0
BCES00874	2FB4B93A9F41F337CE75DF2F4EC43773
BCES00894	22245A44E7CD7209E82585A87E01B176
BCES00907	3F8BACC135E4DD75337955E947818516
BCES00908	B113A129173D932B2785DA3280BE677D
BCES00938	0508452BEB46017EA0B7FAA407A01376
BCES00939	A8BB44183679BA7E6C6886FD952F676E
BCES00943	1465810AAE4F2BF9E07F96568CDA9FA5
BCES00956	C59A2E8B648B391C95125BAD773713FD
BCES00968	B83D64227127ED7A1A8116C387706CCA
BCES00969	E41049AD74873D5A2AA07F64D3621787
BCES00970	4EFFC2BA7AC08BE3EA4CE46ADAE0B148
BCES00979	B988B2BC2338412EFBD1F3B6CBE4C5CE
BCES00980	74D87636FCF8295795C59E71F1B231EA
BCES00981	153236745E0C390A02729313FE893E56
BCES00982	254768CFE9E07C067E3F2A86A1EFD976
BCES01007	C087E567051E98739411B04B5C1B17B6
BCES01010	5AD62D3B91267ABD3016C08EA8A6C0A4
BCES01012	F76E52D8FF65164929A1D86178244F21
BCES01023	4C9C8FD0D8BE8A2BAFCB8576EA7A3723
BCES01024	F3039C463A7902D8D23EACAECED2500E
BCES01027	D2451A2F3AC5E06DDAB724D18C010246
BCES01029	F0A9EC0555452A8ED30374906511D4B5
BCES01048	45D75C7E981458ED5FC8D8C5267184F6
BCES01049	F63572C8F708A5DE3D6522A5818E006E
BCES01058	5986F0A86006A3FA846EAEC1DE1038D0
BCES01070	BB38F4B1D66A8A94A862008689A2F13D
BCES01072	CFBA2AF7419C49492D4DE67AC646FE56
BCES01077	42391410E227202D76514D84A111F84D
BCES01083	85760796CB54386477B3A8B0B39638EE
BCES01085	96FDFFC4FB6D6F08120C271396ED683D
BCES01086	A31590BE91B5BCCC0E8710C04B6D0730
BCES01097	171ED13DF596048EF3604A50B810866F
BCES01103	CB85B68215A8B9219442B04E9D6A4248
BCES01104	872267E9764A25C4F0FF38005A0076B2
BCES01115	2024E6925EF00105E194E31A44AB71B8
BCES01118	A185C7D27C5CD0F183026EAAAEAF186A
BCES01121	6D5125F39B6ACE01B2E66B26514CF64D
BCES01122	279F8E2ECD42CFBF757B221D140B9DE4
BCES01123	9C25FE5AB0B5C5D4EFF7A41D1779F397
BCES01141	DAE09CD3CDD6035CA2D627E89B5E070D
BCES01142	F2AF3BD8E7EF049B8C7CED3FA48065A8
BCES01143	B895447F057540C72874BDC6AEBAB199
BCES01144	796CA3C199AEACB2C30864C511AB0A83
BCES01156	16FE7CBF121FAE0531631810E67D2183
BCES01175	EF6CBA3035ECCE26AD6D7CA1E0ECF909
BCES01176	B77AEBEC92E70B54A14CB7DF35E35C3C
BCES01180	16545D27CA8DC222C66EC15008100F70
BCES01186	8BD9203B2C60F74B1C6F49159B0F2E25
BCES01229	1A4E94458814F05B112E3FA2ED901238
BCES01234	62DAEE3EF7F68E1E7350E842BC7054D2
BCES01247	803A8EC5854F5F430925B97BE7526977
BCES01255	D546CA8D92191F60BCEACD967F3B94A3
BCES01257	5EAAAEE800D9645A60670795C7AEFC02
BCES01258	841833256E44F8C537C48CB875C3E5C2
BCES01273	A9FA42405A8001A7916D767746952B99
BCES01274	1A909B5853C4FEC01578D8F4D5142507
BCES01277	DED13759D10C1A2E07E09D6A0ACA917B
BCES01278	9F79289BBD51EADCEDCD887A9073D56B
BCES01279	DD66953CFE2559D0DA8F685532064D91
BCES01284	2A121579E58C9F35571D8EE29F50361D
BCES01285	12CEB00F7A5F92A62B927928CFBC8554
BCES01289	91CEB00118CC608469F80477B69EFA1F
BCES01293	37F8A29049CB72DD4B6A79F5282E738C
BCES01325	012BEA99A9FF0E98520A19FF1777FF71
BCES01334	FFDBC8655AB1262CF8B7F0CD7E07A305
BCES01335	412C1B40FF71CB74F39DC05C35E38FD8
BCES01336	0BF8AF4FD664F0FFB4E069B348733BD2
BCES01337	D75D478A3914495439A30984A83A23FC
BCES01353	028349F413CBD9FD950A5D55E6E36BB0
BCES01360	A8B279CFE0E032A4AC2B54173EBA8587
BCES01361	02D635257D1DF4702440AFF5CB2A803E
BCES01369	B2356EE199A9F4C143786C514F02EF64
BCES01370	49F045F55F5BA85E2FC069DAD5C31CB3
BCES01400	EDF4B05AEF349E9FB1F46ADB0F2400F0
BCES01422	7A34278441AE1963B6EA8B4F984C13A4
BCES01423	22165EA26CF1B9FD634A29834FD2B8A9
BCES01435	111B421AE59014D685BC4BE87E79E7A9
BCES01436	0D42A08E411A1DB06051AC5E20ABC95A
BCES01441	9DF286C56865B7CFE656A4079FD3086E
BCES01454	DD58917573F05E6EDCD6DD41177CA5CB
BCES01491	554A02A0195ACBBEF8EE225B49C53AF5
BCES01497	F09F2E3ED22B24BC8E1A3E60E0F9B822
BCES01498	4E695BFC60CA539BF7CD2BFE7AF70838
BCES01503	1F57B7ED09504ADB8AE8D9DD9B911095
BCES01505	C25DD99C8A18C15EF54BDC0BB9C4FFEB
BCES01509	4F1DFBE6BC4250C01C7C899E9B7B165A
BCES01531	8D2B4B9EB688EAC2957A8062140AF122
BCES01584	851392FA01B911DAC14EFF6F254AA7AA
BCES01585	1266DFBB313EB7406B4ABFDA5626CB5C
BCES01594	AE5AE3B8F9B85F5EB6B24BEDABEE97C1
BCES01598	8731A5FD04E1C5F8711101FB685D3058
BCES01599	735B7F0EA0BD9CEE688E0ABED00B0CAD
BCES01626	CB6778C5065ED8C563CB171BD7F8A067
BCES01645	6D21D7AB93B082AA871758EC6B5B9681
BCES01663	1B80A2418BD7659A87936B7D4CC13A7C
BCES01670	E4D227B5458E7520996210637CE7795C
BCES01692	EECCC42954BE2320B6988949450D099B
BCES01693	375A1305B26D04C72974F320C2A4870A
BCES01694	3FBD46E1F868603D3F2E60273A0B7205
BCES01695	E63E2BCFEE1F5B355BF83295BDD2C14F
BCES01700	B3FCFB5EB7EEA0AEEB273FEE60CF0AE3
BCES01725	3154DB73AC098ECE98DDEF133C49A7BC
BCES01726	9348540B8BA78CB0714A112FD0AD5FB1
BCES01727	82D9D19CF275A8FEC4EBCFAE093325DD
BCES01735	755A6055610B119373F4A91DDE709CE5
BCES01740	1324D76A805570C34604DE2D4688CBC5
BCES01741	4841672F7084ABE7D312E299A3CB9104
BCES01742	FBA19137FDB41789D517A7E57A4454FB
BCES01743	64D3E2EDAE1813B2A7AE909CE8836809
BCES01806	3875EABBF34E30B4338D73A9D4500822
BCES01866	443BC49352F5D198F3D5B9361BBC4435
BCES01888	F6660A9CD5DF1D7DF135AAE8A0F564F4
BCES01893	F06F68C49FE3A3245FC2316138F8E523
BCES01908	25F1A015ACB13DE2AC1C21E3D5346D24
BCES01915	CE2483114467A10FD36947725E40F8FE
BCES01949	88FA6C6C018C3E86DE89C0B9E0FD03E7
BCES01953	641C18EA72E6E33D6966B79067CC67FF
BCES01970	DDC3A47D192474E86972FC87C3A983D2
BCES01977	2256A6FD82D1CE6AE89578E5038BDC3B
BCES02025	59AE641E829C5D90BB89078DE4190E39
BCES02042	FDB2A49A38F4823E0A78CAE2E4D8C499
BCES02043	319CD81E3500D0AA76D9C19973508FFF
BCES02044	294367A65689B97CDFCEBBEFEE70BFF9
BCES02045	7ADEC10097BC47EF40752C189533ADC9
BCES02046	C1D0EAE682FED7BD60A1DA600D97CB7D
BCES02068	7A542AF2A5DEF6924128E664FAADA24D
BCES02111	90634B50386177D286878E89336184AB
BCES02112	7D29CD9D079DA06C525CF188261C8A80
BCES02113	FEA0751C6B062958586E40A84C1814B7
BCES02118	597ED595187DB5AE0E54C027169DEEF7
BCES02120	99867D671A14D72291BAD5A43359B832
BCET00006	BF89C671722B2D4B93873D973B6FAEBA
BCET00010	27119CE07DD37935B85B16AE156B0053
BCET00012	20066E805117BA93BA0DBFCC529B8588
BCET00029	AAE77198EC63BF66F84C659867A27A3C
BCJB95001	28111E6176DF75BA63722353CC5CF416
BCJB95002	4B80867ACC9A14E0265A5F10D83F087F
BCJB95003	6AC3C9EB144C6E411B8C978C2737BB75
BCJB95004	7FB677A7A64E26013BF98DEB400D4C92
BCJB95006	BFE5DAB05787CF18251A2151562824B7
BCJB95008	B79DF41CFFCE3E52F6189C7F9D142E1C
BCJB95011	D97F309E10005BF2E20EC27F1FDDA708
BCJB95013	BFE5DAB05787CF18251A2151562824B7
BCJB95014	657B24AA2EC2B48FDCAD11D32C0360CF
BCJB95501	546878310FE92901F5F087F61E62B29B
BCJB95503	99F18A660D90AF7902EEEA95C02AD7ED
BCJD89908	BFE5DAB05787CF18251A2151562824B7
BCJS30001	E83E4976ADEE4963CFB660C2A9DF23EA
BCJS30002	C8B28DD9BA34536DF8BBA9902D7E2CE8
BCJS30003	2567BC539FE32FC1A060EDC6F0CD4739
BCJS30005	68E69DCAB90DA74559FD4C4D851D2062
BCJS30006	DCBD9D73402E31736ABF6FDB93948A4E
BCJS30007	8FA3C006A8C3F739DA0F3C8C23C8FF3E
BCJS30009	01BFA98F8BB0BB78A53A16F1A38D4C08
BCJS30010	AAA7A7384465223022814AAB91D0963D
BCJS30011	28111E6176DF75BA63722353CC5CF416
BCJS30012	281EA9705762E35483EA431A9A021B95
BCJS30014	8483CC3EB900B9CF99C516EB6E262A0F
BCJS30015	4418D712E15B10D18286B282425E91CD
BCJS30016	E8E5AF3991F96CF409B32DD79A548BB4
BCJS30017	7FB677A7A64E26013BF98DEB400D4C92
BCJS30018	6AC3C9EB144C6E411B8C978C2737BB75
BCJS30019	E2F4F68D1BE41C0FB3206408EF71E308
BCJS30020	B179A9A4901D101669C69CC3A62D6F8D
BCJS30021	62906C8981F37461D02A61D69DD3AA92
BCJS30022	6DF24825BC53DACE542161F682300DF3
BCJS30023	9C4147525DCE0295A973B0D30D7BF3B1
BCJS30024	2D968E584BB21115630D2CC014B54FCA
BCJS30026	4DBF0D1FA45BE1053DE7C77F1C848C63
BCJS30027	69E158061D1FE03C02A44A18303FE82A
BCJS30029	360F95F90055170360A880C189055D0D
BCJS30030	4104EB805241F871CCD8F115DB0EFA3B
BCJS30031	7FB677A7A64E26013BF98DEB400D4C92
BCJS30032	207E21071B623B524FC84E7AD9265F30
BCJS30033	20E1276D8D4AC6F16FA47573E74CD263
BCJS30034	84CF73A79F8360DCA12072C566602FE7
BCJS30035	2D459CC48E76C116B15C2623D84A5988
BCJS30036	27E22EC31BE1280BA6821A30759E1E3D
BCJS30037	DDA0ABDCE45D5F22C9685D4D48C86388
BCJS30038	ECBF61B190D376603D2436241ACAD5A5
BCJS30039	4104EB805241F871CCD8F115DB0EFA3B
BCJS30040	3B0290516A12A2F1B9A20B069DDE68D6
BCJS30041	33EA49CBF48B7E045E5D6D84BD23889C
BCJS30042	C6114E34DBD5B36410CE0334056ABA29
BCJS30050	E83E4976ADEE4963CFB660C2A9DF23EA
BCJS30052	4B2A0981ABCA2B0AB47A582DC4E82745
BCJS30053	D97F309E10005BF2E20EC27F1FDDA708
BCJS30054	58768E90162C7BE67B97E220059D39DA
BCJS30055	4E57BDB8FADFF80DFA8D033F316CF2C2
BCJS30056	D2F6A8602DBBB4F718421368127A320B
BCJS30057	C0DCE1B027608EAD28BF1DB64BBBA21A
BCJS30058	B7848D483551117C609D289A529F40EE
BCJS30060	DC47AAB6F62A37439D8B382968D3B6BA
BCJS30061	98D3AAE084E01C368E0F18470AD8A4C5
BCJS30062	3C9120633B4C4B62DE43EA848DF46C90
BCJS30063	489CCF0D7978CA61393C0246955E51FA
BCJS30065	BDFE86F847C3059808BC8CFB33A92C37
BCJS30067	567938DE0A60C7942E9D20C40074AA76
BCJS30068	E936CBB0D049B580DB7E1F46F19B84A9
BCJS30069	769BB33C30B828768A6F87BFFBFE16DD
BCJS30070	10404553BD0F8C7FA564F6E5ED8A1BC2
BCJS30071	C8D7C4DBA28C14317E4F7264CE9C8517
BCJS30072	E586CF6D095E475986086FEC21E55911
BCJS30073	10404553BD0F8C7FA564F6E5ED8A1BC2
BCJS30074	C8D7C4DBA28C14317E4F7264CE9C8517
BCJS30075	7E40B793CB5DD7BC4C892E9E9C455C2D
BCJS30076	2CE90DE81E6BE88CE4E295B979E4C0CA
BCJS30077	F8E1F44BA3DD26396E19C7DDBF25A5DF
BCJS30078	B61A6851AAF02F72DBE53BA4DA0D08DB
BCJS30080	63FD7185C88CC0111C05D18F55EA380C
BCJS30081	DB426CBD07B29E03071A7908F861CDCC
BCJS30082	79DD6FBB4268BF310ED01BB545D05969
BCJS30083	175C73DFECB3CA6B6E67BE08D59FDE07
BCJS30084	11D32FEA3094B3F90AA538C773FE3902
BCJS30085	A5FBA55CBD5227C48038FA73B1C7AD3A
BCJS30086	30991B982797CBCF42E758DBEEE99DC9
BCJS30087	E3F1DD22D86A61583D2477A3BA800910
BCJS30088	7668F802AE3BB12E1697D448D3BB53FE
BCJS30089	657B24AA2EC2B48FDCAD11D32C0360CF
BCJS30093	373714F7749B6FBFE9B329BD107337EF
BCJS30094	1F2F1A3FD126AC3AAC61D6B5B78CA9F8
BCJS30095	C27B2E36B621CF8C5586E7565C700D25
BCJS30100	E83E4976ADEE4963CFB660C2A9DF23EA
BCJS35001	A04C6526FAA53497234E33890B590385
BCJS35002	A04C6526FAA53497234E33890B590385
BCJS35003	E5B5054047730E3D7B0CD6B7A8628175
BCJS37001	335710CA785B05F4F8EAD6ED00CCCED5
BCJS37002	335710CA785B05F4F8EAD6ED00CCCED5
BCJS37003	FAAE601DA7DA46C0AFC2AE6C50B4FFA9
BCJS37004	546878310FE92901F5F087F61E62B29B
BCJS37006	29CD0E6A631D5E116BF19C64F80F339E
BCJS37008	B4DCCBB996177D6E8475D1E039A0FBB8
BCJS37010	51E55864FDC61FCE9DF91B74D84E5A7F
BCJS37011	82C5290F67589660B9319F671DD5B86A
BCJS37015	99F18A660D90AF7902EEEA95C02AD7ED
BCJS37016	99F18A660D90AF7902EEEA95C02AD7ED
BCJS70002	01BFA98F8BB0BB78A53A16F1A38D4C08
BCJS70003	AAA7A7384465223022814AAB91D0963D
BCJS70004	8483CC3EB900B9CF99C516EB6E262A0F
BCJS70005	28111E6176DF75BA63722353CC5CF416
BCJS70006	B179A9A4901D101669C69CC3A62D6F8D
BCJS70007	4418D712E15B10D18286B282425E91CD
BCJS70008	62906C8981F37461D02A61D69DD3AA92
BCJS70009	6AC3C9EB144C6E411B8C978C2737BB75
BCJS70010	2567BC539FE32FC1A060EDC6F0CD4739
BCJS70012	8483CC3EB900B9CF99C516EB6E262A0F
BCJS70013	6DF24825BC53DACE542161F682300DF3
BCJS70015	4418D712E15B10D18286B282425E91CD
BCJS70016	207E21071B623B524FC84E7AD9265F30
BCJS70017	3B0290516A12A2F1B9A20B069DDE68D6
BCJS70019	C6114E34DBD5B36410CE0334056ABA29
BCJS70020	28111E6176DF75BA63722353CC5CF416
BCJS70021	2D459CC48E76C116B15C2623D84A5988
BCJS70023	7E40B793CB5DD7BC4C892E9E9C455C2D
BCJS70024	B7848D483551117C609D289A529F40EE
BCJS70025	F8E1F44BA3DD26396E19C7DDBF25A5DF
BCJS70027	769BB33C30B828768A6F87BFFBFE16DD
BCJS75001	335710CA785B05F4F8EAD6ED00CCCED5
BCJS75003	546878310FE92901F5F087F61E62B29B
BCJS75004	51E55864FDC61FCE9DF91B74D84E5A7F
BCJX96001	7AD8313B80B4479D0B63D929BCCAECA7
BCJX96003	972D7C302645D51FB364C72CF905AA57
BCJX96004	C8EE5BF0C839040B48344CAA3AEF615D
BCJX96005	99365A108637D13009BD10AF8CDE5185
BCJX96008	7F396AEF80F7589E9C0FF2BD8C5F4B7B
BCJX96010	84F51ABC3CD3BE234374B9A21EFFD5C2
BCKS10002	50E6FE40C5DB63DBBA82E2082B49103B
BCKS10006	02FA2097E0E11A47CEDEA41AD6A19DAB
BCKS10010	A136BA4C82EB0BEDAD82DBAFD804835E
BCKS10011	B3633A21B0E36AC766AC718304D54BED
BCKS10012	9517CC7222ED085F3A7314A6853DA706
BCKS10013	3EAFC8FB4D5727D29B9BF8B513993395
BCKS10018	F9C5BC7798F025D66A30F569D3F667FE
BCKS10024	785E17D2383564206BCC8E7E813B7ACB
BCKS10026	C37828289392010638299EC536CC66DB
BCKS10028	661F9D69E57740088505FFF3051C054D
BCKS10030	3F072A55AC25D657411441D17437392E
BCKS10035	EED57D825A621F4498E0CD9CAF3DDA6D
BCKS10036	A8B9FCCE6F5D575EE84A7899284956AA
BCKS10039	23E1CAF037D10E98BCE56F8662E4AA9E
BCKS10043	A8242D22ADB98B0CF82AECC0285437CC
BCKS10049	E9741A0F964D0FE5EE3023FCA348736F
BCKS10050	DEBDF52EA336E58F1A0A72388C0F8861
BCKS10059	C44740A631FBC7BFF2CEAD118A58100C
BCKS10060	BED17AE8C5BBA07A5B9FAD37F378F753
BCKS10063	9A2B6487AFB79B91357704ACBF710165
BCKS10065	83FE353FD59CD4E0BB90E9DBC497743C
BCKS10066	F9C5BC7798F025D66A30F569D3F667FE
BCKS10067	05B2AEA433A39017DBD781A7E212D32F
BCKS10071	9A8C536701DC3816B6A1DF5E1BAC0D6E
BCKS10073	AD2301DF644219C3D11AE0B9D1EF2D6B
BCKS10078	51FCF4787286BB827DC887ED9A845C3B
BCKS10084	00CEEE6A9834B114FE0A70DCDFF28412
BCKS10092	03A9785B6D1D91F5F856D97106ACE781
BCKS10093	323CE7042E84AF01555853C280760F1F
BCKS10094	E11C8D8C1091FB43726E59BDE979C5FC
BCKS10096	002FD549094941276F7DB525142D7077
BCKS10097	3ADC8B7618C986DC4304B4C86EEECEB7
BCKS10098	B711766A152CC9DA8D0E4E6A89F3A926
BCKS10099	D5AAEB0FC9543982E4060587817958B7
BCKS10100	9EDE7FA6760640FF1C86043025FF7022
BCKS10106	4F60E763ED870444A07DE963DBE23E8B
BCKS10108	643AC465F5FB547A802A908F766AE512
BCKS10111	35371C6683F2AC8B68EC194AF2C0A5F3
BCKS10112	A4F3F4ECBC0491C7CB875CD317D7BB7D
BCKS10113	9CCA7A1AD2FE8B5E2DFA9BD43E7DE9FE
BCKS10121	4BCB3145432F84EC898883B3A3DEA0C8
BCKS10128	1ECD5C5E429F31A2FC3E7EB68EEE6FBC
BCKS10138	0428636CA2070DF654106E14C402ABCE
BCKS10139	9EDE7FA6760640FF1C86043025FF7022
BCKS10140	8A7AE6D704046E7050E6B4A01D171C32
BCKS10141	72E2B4B9EAE1CFEBE3658E1A95AA4855
BCKS10144	8506EB71D9D79485C7636307720944F9
BCKS10147	7CA1B66FC934ED76AD22CC95EF1EE0F5
BCKS10148	A1C67880B8FE300CB5E485819841A2E0
BCKS10151	1C7C531BC13E86C763B79C0DC3F724C8
BCKS10156	7E62571511F127C7D473C7846B8DCBF6
BCKS10161	C18F1A7F1C954206D5692E4E14A12E48
BCKS10164	A7B07D79718D74B0A7F9335052A6FB40
BCKS10165	0BFFB0304DFD84118A3CCB8D7AD41EE2
BCKS10166	559C30F3468CD2CBDF09B1AFA8093ADC
BCKS10169	B28CF995FE2B46A3D33D77395B496937
BCKS10172	34291703A622ED1D81D28A7ECBAE5A8D
BCKS10173	1ED263405BFFE1CA97535800B9DCF14E
BCKS10178	077DD51F6734D80A5C431D130E257E77
BCKS10190	4A20018A6F16BC7411DD793FE1AE612E
BCKS10195	B7B7037AF9E3BED0308E7B89B9896D8A
BCKS10202	EE94996FE1B17EC372C9346CEA3FF774
BCKS10207	E924315D1D0710CE28749A1639A251F0
BCKS10209	3F0CBB80E31D3028460E2D8133BD1C41
BCKS10212	75A9B41B00EFCB25B6F2AD177FA716FF
BCKS10216	4BD0164989B8CE5EBC0A355662F5E780
BCKS10217	63399C248C5DC701C4558A4DE68DE4B9
BCKS10220	7B6B797F4BA39994D76DCEBDE762EAF3
BCKS10221	1F57B7ED09504ADB8AE8D9DD9B911095
BCKS10229	EB9B8914DD89AF576B89DAB234A9BCE3
BCKS10231	83DF95691BB6AD2D23AD75A61DC07E6B
BCKS10237	64D3E2EDAE1813B2A7AE909CE8836809
BCKS10238	EC79BBF5213478609F82210E18D8D0DD
BCKS10239	363B42095D9D7D13BAA79C192D994BF1
BCKS10241	0A68F88D024244CD79E34B7E094A84F5
BCKS10243	1E0B90AD65C8BCD1105899CB31D7EEFD
BCKS10245	C6F4F59E57C9E13636B33ABF848E391A
BCKS10254	7ED309572E76886B4DF644A0F5CCF170
BCKS10262	0A68F88D024244CD79E34B7E094A84F5
BCKS10264	B2267DEA81A2FA186459C5A7F58F00C2
BCKS10271	AC006C8FDD03A5092BB8AF383DAE81BD
BCKS10276	1E24AF5CBB701FD7EBBE0774F4EBD1DE
BCKS10284	003295E679C8124F6DAC1F5BFBF64654
BCKS15001	CF76D16B5ECA9ED7EB54889C9C30031C
BCKS15002	CF76D16B5ECA9ED7EB54889C9C30031C
BCKS15003	042068F71C4F3933B16BEE3D2FEFB59A
BCKS15004	CE6363AA1B3B71DFE6ED55536296E661
BCKS15005	9CCA7A1AD2FE8B5E2DFA9BD43E7DE9FE
BCKS15006	4C897D0A84C2ED7F6B2EDFAB636BA335
BCKS15007	042068F71C4F3933B16BEE3D2FEFB59A
BCKS15008	CE6363AA1B3B71DFE6ED55536296E661
BCKS15010	D3DE09D2D876BD550B18DE358E243C33
BCKS15011	1535AEDCCC270249299D9BB4A842BF48
BCKS15012	ABFFA1314766529D50344D5590097D3F
BCKS15013	2FE9D1B788EB6089652CD9AD4CF18261
BCKS15014	B60B5F55FCDF7A3B896CFB9BF46EDEA7
BCKS15015	8C72C4861CA0783BBEB56CAF04D5D025
BCKS93001	A010F04631069D10F98DE2D46F2D7B0E
BCUS00236	ED6635EDA0EC52FC45C2805C0004BE5E
BCUS01089	3BD43F30B47A24ECA3425A86ABA837AD
BCUS30001	0F86DBC0040AB2338CB705E5FB5C4A32
BCUS30003	9B37F2E921901E349CF4FA91B351D761
BCUS81138	4B916FB3A6CA31E2BFCE19EA8D2C7385
BCUS90142	422199E80544FA94F6968625BBA82778
BCUS90143	C36A8C388F59AFDA79BC4FF599E17B2D
BCUS90162	A9FD440695185FE000888C7682F2ED9D
BCUS90190	51B47B745456D82EE54FF230A941BBD1
BCUS90259	299A0D7DBF98DA3E5AA3FABF4545237B
BCUS90260	A65CC133439F85CF2FD063E567494B13
BCUS90490	7E9319C07659DCBEAB806FC50C81E02F
BCUS90637	A83194D9C6A7FA9DB48A66110A033D5A
BCUS90664	E450FCB9D7F3983AB02CDCA5727A9D64
BCUS94344	91A192F463F6E1F7F1620A7F634F07DE
BCUS98102	DCBD9D73402E31736ABF6FDB93948A4E
BCUS98103	367F587045B20BBB17023297B13401FE
BCUS98106	1BDF9ABE59740F29438E6B6F19A13D8E
BCUS98107	B1AA11E20A5593AF0ED6AFD636EA4A81
BCUS98109	02FA2097E0E11A47CEDEA41AD6A19DAB
BCUS98110	D1F3DB5EB88FB5F2A15242B280819321
BCUS98111	E81ED3E63F76A6587B75C590BBD69729
BCUS98112	F6017AA053F9E8B57DD3CF7CF088FD3C
BCUS98114	C83E99FD6264F3A6865330C62E7FB75B
BCUS98115	55FE226C1FB9F94023077B3FCAF0EA57
BCUS98116	BD7DFF8DD0D454ACEA1E2657D7256E66
BCUS98117	9A52896EF7C71497B3D4B25DCB76F6C7
BCUS98119	2D91B0BA66C38D54F76975EAD651896D
BCUS98120	E450FCB9D7F3983AB02CDCA5727A9D64
BCUS98123	5EBCB95D3399C1D6B1F8E773DEEE0AB9
BCUS98124	3BEFC82F1CC6177342B7E2BA3B9297C1
BCUS98125	C6137E41A0F4D29F8C125D7A5F35208B
BCUS98127	102446EA137CDAD84FDD64EF022AC4FC
BCUS98131	AAC1A6122E3B575222BCB1A453261974
BCUS98132	88B87C6FBE24B29B1EF07CC92FA6499B
BCUS98133	49D675BED4AA9EC006D50ACE18E5E05E
BCUS98135	B0332DF2379F42182B076ECA704EACE1
BCUS98137	20917ACDC3A71DBB0AE678D1F19FD8CC
BCUS98141	EED57D825A621F4498E0CD9CAF3DDA6D
BCUS98142	395F9616838346CD74824BB9AFF46F78
BCUS98144	085264AD00B1511D6838698513310998
BCUS98145	B3D8950D7527990CFC9CD524AB896EFA
BCUS98146	85B348F30088298B89761CF19DC9E27F
BCUS98147	B8487269AC7B1F68B3E7AD8147803850
BCUS98148	9F9DD3F054E524C94F554384DC43BC64
BCUS98151	5FE4241FDA975B908FCFAF236FE1BA45
BCUS98152	2F1090E5AE41D2228FB5DEC786CE0CA4
BCUS98153	BC655F591F893127B8992A4A82022E23
BCUS98155	FB1F09ED445D986EDE0CD31E85F75EA7
BCUS98158	6D8DB6C8C7F5593E9E2DC0A89DD22E07
BCUS98161	5FE4241FDA975B908FCFAF236FE1BA45
BCUS98162	9A52896EF7C71497B3D4B25DCB76F6C7
BCUS98164	5A3763E888B2CE4AF6A65F4802366378
BCUS98165	FF11F0BF81DDB787FAA1E5E14111B3E3
BCUS98167	A050A8B64BCD4F3BE10139DF0BF6B22C
BCUS98174	DA15846E17256927AEA58EEB946B6BC2
BCUS98175	299A0D7DBF98DA3E5AA3FABF4545237B
BCUS98176	8E8493BE550F93EC91B818497DD63D4F
BCUS98177	CB66D33016A7D89308EBAD7EB2379E64
BCUS98180	AD2301DF644219C3D11AE0B9D1EF2D6B
BCUS98181	C6C4D935DF96212DB00A3C37C4F504A6
BCUS98183	6E97883D52E21D2A1820FBF568E8684B
BCUS98186	FDD126E4DAC2EAE122F1F0F360A7453F
BCUS98190	E450FCB9D7F3983AB02CDCA5727A9D64
BCUS98192	03193BE3F8F4B2232FDD570E9655491F
BCUS98199	9F9DD3F054E524C94F554384DC43BC64
BCUS98203	8F31772D0477C8C47540984199714782
BCUS98206	27B858DD8F8C3BCAFE598EAD8A353CA7
BCUS98207	4BCB3145432F84EC898883B3A3DEA0C8
BCUS98208	1A36FB8019687E16C05DA0B28D8824EF
BCUS98209	FD72C9A0D7E5014B19387E1D3E1CACAF
BCUS98214	D545F828704856E870276ED2BC47A976
BCUS98215	FD72C9A0D7E5014B19387E1D3E1CACAF
BCUS98220	42249F040F20F029C8BBB3CB9547437E
BCUS98222	00FBD13642C0E051C296BD2ED3FCDAD9
BCUS98224	627823AA36134BB9F404753FCB7DFE27
BCUS98227	2E1325E7954AC46C9BFEF05DF0DA7BCF
BCUS98229	323CE7042E84AF01555853C280760F1F
BCUS98232	21EECB95E9420E3D463E5C8E1AE84EC8
BCUS98233	F0C46F4D35FC0CC2BC8DCEFFC314BB7B
BCUS98234	BC76495270715112F6FF20A3701A9A80
BCUS98235	D1FA84FE8F0FE2F3CD585D1BF393516F
BCUS98242	3E892E28FD9775741A75DD6CB52BC959
BCUS98245	C3EAE6E7A93A5388F39CA5CFA54E21EC
BCUS98246	0B8EAC9005B636B8BCBBFF49E766375F
BCUS98247	EB9B8914DD89AF576B89DAB234A9BCE3
BCUS98248	401F538F2B3BC4B8DFB5936A915CBFE5
BCUS98251	A7B07D79718D74B0A7F9335052A6FB40
BCUS98253	892F7A9337A7D221BFC99169A009C7F5
BCUS98254	324178EFE54967324965CAC54323924A
BCUS98255	DBE2C1914DDC5AB3456D11C98ECABA21
BCUS98257	5EBCB95D3399C1D6B1F8E773DEEE0AB9
BCUS98259	51B47B745456D82EE54FF230A941BBD1
BCUS98261	60A04BF4BF292B06DA540640A0C8143D
BCUS98266	EC1B16C0FD60E9C9FA090CE6FC1EB98E
BCUS98270	24BA69FA6844778860717E15F481AE15
BCUS98271	31E55457C76085CE33367BF4880D5723
BCUS98278	5776DA2661C18928125B85AF82F0CEF5
BCUS98279	5DC8FAAD16C70F4256790C3B74CE8237
BCUS98280	5A3763E888B2CE4AF6A65F4802366378
BCUS98281	D6EAD11AC30497D793DC4C9B47082F83
BCUS98282	81A6AFDA781A024215A8B1FFEC863228
BCUS98286	BC76495270715112F6FF20A3701A9A80
BCUS98289	5FE4F8FAE4B20A65DE673C0A6EC9AAC2
BCUS98295	B0D6FBBD76D84E9EACE98EF5325A257F
BCUS98296	1E1B1CF3FF1CFA7A417571E7C4EA1658
BCUS98298	AF1F2C9563D337145E2F5C326B3DBE20
BCUS98359	2CC2A7F4F8FF6C3E2A8D90F25F7A86A3
BCUS98362	3373BF076285081084BCF06F877D5842
BCUS98365	7DED67E2A783867C36F5DA414F63A83B
BCUS98368	AC8C441C9D391E8E4B8239660BC69B64
BCUS98369	758FEAE66EDEBC5155F8D1AB2442611B
BCUS98372	A65CC133439F85CF2FD063E567494B13
BCUS98377	800B0D11E38FA856ACCC093176E8C7B8
BCUS98379	F0C46F4D35FC0CC2BC8DCEFFC314BB7B
BCUS98380	8FD20200554B7192F183A61FEA96DA35
BCUS98394	C83E99FD6264F3A6865330C62E7FB75B
BCUS98466	784439E800AB2BF549581F5DD5C10DFD
BCUS98472	E4E3B98E3F51E21ABBE779E8CBFE6E55
BCUS98473	1E0B90AD65C8BCD1105899CB31D7EEFD
BCUS99075	BD7DFF8DD0D454ACEA1E2657D7256E66
BCUS99086	F46A08EAC7E6076415BDFE20E4C05430
BCUS99089	324178EFE54967324965CAC54323924A
BCUS99134	6E3E42598A3DF1F00A084C8DF0A56C2A
BCUS99189	3F2D94394DB145133F124FC39268050A
BCUS99192	248555B8C1773120E2F9469FEFE24A1E
BCUS99195	009DB18F205908B874E5D17C7A3FD4AF
BCUS99205	43D4B2ADD8B075CF338A8BAD176327A3
BCUS99245	CB76C3043D594D8CCD77DD689ECAB1E8
BCUS99247	FAE81D513BE7B78361444904634D9E8F
BCUS99277	7B0B042E2B48F9A85E62B604E62C4752
BLAS50001	C740A9F8F9EBCF05A17690CF74EFDA06
BLAS50003	865D23ABA2B4A5B79939E843DFAA0F39
BLAS50009	8A2496946272623E21638EBBE55A6B57
BLAS50010	1C90409A716430063A04468DD3690D96
BLAS50015	BD7B4CF88968A54BE7242F56E78DCBE6
BLAS50017	6441A38424F9FC787D032531C8260335
BLAS50024	2DD8137F4EBFBF82B28E68154767B9E6
BLAS50027	049E5631162A7407F3DCAA5AF4657AB2
BLAS50033	B48FF04D0EBDC147B8432A995764C626
BLAS50034	727B357B0DE483E52043F8EABC6E11BC
BLAS50036	21EEBE5E099D556E1EF2DA6AA26C22D6
BLAS50038	C397AB8BA243D310579462842C287D02
BLAS50039	880E7E347C843C925FE95ADA9EE8F327
BLAS50040	9B77ECB0E5A5B2B1F8E01946B613A204
BLAS50044	EDE56DA9579FBE46E0CF59C16E39809B
BLAS50045	FF673E71093F5215EACA08CD0DE1A95C
BLAS50051	714BF8C1FB61EEBC604422C0D2F3BF83
BLAS50052	4F24368D4BDF729BDF62DE4847772734
BLAS50053	2E6DED7FE14E31F990576ADB02A9225D
BLAS50054	17DEC25C1693F9AC25D6E2AA975B09F6
BLAS50068	CA20100641C033F24EFDC303E5646F13
BLAS50070	7CFA7D8CBFD182813B3A7738F040C385
BLAS50071	DFB6210441121F391B4E354A17D36E3E
BLAS50072	597F59CA2BFE01E153FB16D322E67451
BLAS50075	C397AB8BA243D310579462842C287D02
BLAS50076	D05646F1CC5D65FC09CE5E8C4633CFBE
BLAS50080	E32845CE9D3175088F7B3D29AD797BDB
BLAS50081	48248448E17B0F7B09B5255106178A36
BLAS50082	83FE353FD59CD4E0BB90E9DBC497743C
BLAS50083	37154FF593842A6554D5DC2C9ACC14A4
BLAS50086	6F80E14DBE75D75AB69EA2D909C00F1B
BLAS50087	C36A8C388F59AFDA79BC4FF599E17B2D
BLAS50090	8D691BF9101ED9F477E648BF9B6FBE81
BLAS50098	4F5E86E71F5541C82803AB806CF52CD5
BLAS50100	B88BC4C609CCD38111C568616A1CCDEB
BLAS50101	E512A4800388B464024AE51B9321A0FE
BLAS50102	41CC32952FAC3591831B7ED5BEBDB9B7
BLAS50105	BF407993CBCDFA98BDCD6DC49E4FEADF
BLAS50112	659EF6DC0CB4D2D12BDF4E1C6FDFFAA6
BLAS50113	4B1EEE92561311229B726FEA04B82245
BLAS50115	3611B195A81DD8EE4223C563FDD98EDA
BLAS50127	E3AABD97B94E3B88A2C950385F4CCC14
BLAS50130	120C572EC9764596D96B1910D1149361
BLAS50131	12A6DA87735C67F8C6D72851A27A2C61
BLAS50133	F15BD3957ED18F973F0F9CCF0A5AE359
BLAS50134	27DFC844642076E69D996DDFFAC466D9
BLAS50136	382AE8A93C84F95694ECB9B208708A1E
BLAS50145	CBCA2ED354B4ABBEAFA5152728A7826F
BLAS50150	E716D67BFD82BA8AE5835B5F0D1412A5
BLAS50153	FCABB21B5323CA856D0B27871734DC37
BLAS50159	0726294C20B1D67E9E7EFAC78CFC3C18
BLAS50160	2980064D75D1EC0E1B97FAACD40B498E
BLAS50161	69F4B58622DE4B65471553898467CCC7
BLAS50162	23065D3F7B3AA820AC9759CBB57D47C7
BLAS50164	9EDE7FA6760640FF1C86043025FF7022
BLAS50171	F747D1E07071C21A50A95F8EFAB410C5
BLAS50173	7053402AFA9C4FAE5A9F5F20B1C66236
BLAS50175	3F1EA57EA8DC4011BDEC0F31DB306C7D
BLAS50176	3D2DFBA41374A46BFD15AF7A9D61F587
BLAS50178	E28F4744BB8A73B07DC75C24BF8FB747
BLAS50179	10F1376849D3231717A5155249DB51B7
BLAS50183	E893CD05BA4C15CE140BBC72742A26DF
BLAS50184	B451A12932B354C702844E1449EB9311
BLAS50187	9832B3A072C0AF3BD3769FF5DEF124B4
BLAS50190	35371C6683F2AC8B68EC194AF2C0A5F3
BLAS50196	33288004E1C59B723E6DF589D145FAE0
BLAS50197	E579D6641273E98CABCD75B4755FC77B
BLAS50201	BA56E7033D2EC9D8DCB79DCE6AA2BCD4
BLAS50203	BF64C4E63FCC3A965025A8D299AC57EE
BLAS50208	A7675BEB4FE7562D664676F2350A3086
BLAS50217	E0D37670B7F1269785B1363E26E23E35
BLAS50220	1E7FC204BB51EF3FC2F8A02A12884BD5
BLAS50221	7F72FD129D3875DC68D3CE1A52072483
BLAS50223	7C9D6BEFFDC2BD4CE5F2C68D5B9BAB5A
BLAS50229	68FE72AA1FEAB73A7A7ED66CDB660090
BLAS50230	2A864A5997E550118D2B41AE59CB545D
BLAS50231	D7210882A614A6DE79EA00AA58C97926
BLAS50234	DB09C73BB3752B15DF249FB9D0B13587
BLAS50235	D183B728870977E8C5184E615FC0683E
BLAS50239	83301B0D618DCC5D2B577FEBE9B15BC9
BLAS50244	AFF2C68949906F39601C79294BD9C739
BLAS50248	60B5BF3FA5567A56F389287EAD01F251
BLAS50249	5F280EB8998B711CC5BAF3B447E62B3E
BLAS50250	8EE5A9EDDA3806DEDCDF41AF5DA96E7F
BLAS50262	1EB6D3625D32061E984E726F983EB302
BLAS50263	228444B24F3C9DE91F061360BCDDFE72
BLAS50265	34DF6F34E710FF6D468943338060B58A
BLAS50266	34DF6F34E710FF6D468943338060B58A
BLAS50267	562450440CAD4F0AA5DFFD3436E39844
BLAS50274	98E5CF64566E146DCF4CB31FB41E11B2
BLAS50279	D990A97199DB6EBCC21A9B1CF8187B19
BLAS50282	0DAE44AC8D38FCB80D27889EF23FD614
BLAS50283	71E3CEE7C8A49BD7D3FFD7F3B1B78F06
BLAS50284	277B6DFFD752D9E637ED0139983F2D90
BLAS50287	9054099FBF345EF24E4411FDA2A8ECD1
BLAS50289	D62A216D69442F36F717714E5F3DCBF9
BLAS50308	450D2CD439792BE175AC43523F1D8046
BLAS50317	58206C2F6666182F96FBDFCB956BA0A2
BLAS50321	A89E76707BAB17526048B37A4180C819
BLAS50331	C7E2325BAC2E92C35DA42BF23EEDCD09
BLAS50341	D9001FDEA191221720BA9FD43C8963E0
BLAS50342	539A87B9E565F8088DDC950A7CC39782
BLAS50345	1E7FC204BB51EF3FC2F8A02A12884BD5
BLAS50346	650CD9CC4DCECDC830779F70A524E97C
BLAS50348	06753F2FEBD40169249CF4674F3B903B
BLAS50349	B19675808365C21BAC4DBC6D744D1793
BLAS50355	5F6C62F156E367058EE9F1474B78E013
BLAS50358	332A1E5F6AE93AE9288543410A1CDF0C
BLAS50364	41ED7DE8CE2BE12B33431DACFAA62E61
BLAS50365	E119616CF5DCFD8511C0C9656396C7D7
BLAS50366	633BC2268582616070B467DE7EAB8E17
BLAS50367	21CF260E2534FF505724833225005CD0
BLAS50368	081D8D253727516E4875EC7102FD199F
BLAS50370	61D83C76887B3F0AFADF71D2802B7978
BLAS50371	E38A28EF0AEFF617ACC330ABFF057C5B
BLAS50375	993DDE50F4CE4B487B492738361B33FF
BLAS50379	E0A7C3D02FA9A4A66162FACB771F06FC
BLAS50381	3B5A3337DF4C31733D6CBEE8FBDF0B86
BLAS50383	3482C5CC7ABCFB450D933F72AA5832CA
BLAS50384	0106D1E1615D1CDAE9BE07FAE372FDB0
BLAS50386	B7D84B56E9B4334FC1CF216C4B552D10
BLAS50388	157CE91A6DBF405F60FB81995E5308EA
BLAS50397	7FC54ED6278C7A7905FC5FDF6A6CE453
BLAS50399	085FD085F8C3CD4EBC78110104095842
BLAS50404	DEB48DCD0FBF7EA28D89FF1D98BB4BF9
BLAS50407	7937148DC58CFBB96E02C0760657B88B
BLAS50410	2893E9295A94E124D9E3ED240DA9B0C6
BLAS50413	268F1A3E0E7B94ABD120C4134400E3B3
BLAS50416	90AAA2BAC4627221CCC5440CD8EA7E7E
BLAS50418	3D2EEF6365D2F7C23B9EA4EA555C404F
BLAS50423	F281DD7A0886CD5A4390DB9E4AA9720D
BLAS50431	0442AA9E50B9FDD1EE922E2469936382
BLAS50433	E73A14E99CB9FAC573FF1A8D1DF76401
BLAS50434	3F0CBB80E31D3028460E2D8133BD1C41
BLAS50436	B0EEB0F6D660CF6FBB32226A817B22C3
BLAS50443	31B7124F9431C2C48D1771B7AD83452E
BLAS50444	6C9DCD774759D20229825A37C47C5F91
BLAS50445	B5C3ED66DD7F9B462BAC49065DD668DF
BLAS50448	91751A8045FE7DAE9D30E60980A15267
BLAS50450	F4A6E54D0D8B6B0724214C91C1468410
BLAS50451	762F71C571D4254EC78FA2535FD76B3C
BLAS50452	F34DCF84985E4BE0E16F866000B73F26
BLAS50455	795C7B0A2720B0D7056DDF5CA7AE817F
BLAS50456	F827A09B052C3660B51E5E2D348630FA
BLAS50460	5846B651725D383EFFCF32221EE7706D
BLAS50461	3868B61D98AE61D3CF18277ECE8C468B
BLAS50462	2A1C4DF3C5DC44F693C17A1E9FA6989B
BLAS50473	431E3F02FF6994BCAE135A02B307B464
BLAS50475	1E7FC204BB51EF3FC2F8A02A12884BD5
BLAS50478	950D40154026BE7C395FC34291ACB4D7
BLAS50480	2BFCA18D43BAF5A0057F02F9D261B616
BLAS50481	82015CCB84CB6D9919250FE777659806
BLAS50482	C118EB2E45CD630A4EAE60CC981479DF
BLAS50483	7E53D1087DEB8B6EE9143EA8C7CFF6D0
BLAS50484	2B40AB170DB4B7CFB2DF1A27613F2BDF
BLAS50485	CA679B5CF0F41B3CBEADE1CC5B09CE3A
BLAS50490	FB614222267C02CB753C193547556F1E
BLAS50494	BD286A1522B74E925579ED528841B22D
BLAS50497	E78C902F9DFE38024FEA80E7E9D4E830
BLAS50498	D96514B41F7C1047313E264DB7AD1FC8
BLAS50502	58EFEEFA912F255CE2985FA039115F13
BLAS50505	A9EC801D1D4C01C3E9608E06C4A9E856
BLAS50506	8DDE56F10B9C48090647A2F2A5540C9A
BLAS50511	6E6967DBD7890707BD6E91AC073C5CCD
BLAS50514	341203EE930FB7934E419ED30395EA19
BLAS50515	2E9DF0E904581696841E4AAD33D17F67
BLAS50517	0106D1E1615D1CDAE9BE07FAE372FDB0
BLAS50525	FA916CE8BC17E34557A042E7E7D9B70F
BLAS50531	2A52159389B77D9647E36C00C51A521E
BLAS50534	BA1641CA6BE1B47B14F59E6AF566EBB7
BLAS50538	039A6B4F1B345BD16889BB16D86BD582
BLAS50543	E36336884BBBE2B10B190C01E7A7F9B3
BLAS50544	830AB563C623CB915DBB616437F78B9D
BLAS50545	0BAA1EEF73141A40B5A1000DA51B29A0
BLAS50546	9702655B19FC123F77D59B211FA6235B
BLAS50547	085FD085F8C3CD4EBC78110104095842
BLAS50548	1DF374D0CF5A26EBFFC1B9D56448C24D
BLAS50549	2559E21478C8F3A411605B1E5725C287
BLAS50550	71C8832DCFAE2350A478F3002288A870
BLAS50552	0E89511CF9C32A3D730965D8FFD01FAF
BLAS50555	F281DD7A0886CD5A4390DB9E4AA9720D
BLAS50556	3FBB1BBEEF6D61E3C931E41DA3BC0002
BLAS50564	8AAE44BB9B7B06219DBBA5DEC5AEE9D1
BLAS50565	138A212D1782440D9B88DEFF6B5302DB
BLAS50566	215289A43953171A2A2C2182BBB303AA
BLAS50568	FFEF6158396B342D8A8BF496CB8305C6
BLAS50569	C80B482B44BB1C7A64BA95E986404A59
BLAS50571	FFEF6158396B342D8A8BF496CB8305C6
BLAS50573	07B221CCCF01321B2E394289929092BE
BLAS50574	662C005C498666798957F4837EA28E07
BLAS50575	4BB2B2C27A980FBB04FEA182D8A199D1
BLAS50577	1BF6237196BD42CE561E5EF008361913
BLAS50582	C169CD06FEF2F3EBE89F311275890606
BLAS50588	4B9F6DBB1BDCE310B9F08630ED4BB4B9
BLAS50589	E65647DCF12F4C921EF3DAB129D45FDE
BLAS50593	6B451ED450E99F821DC4FCCC6E30F89F
BLAS50597	E3F205425C10578A704008D7170BB2C7
BLAS50598	AB0F35A60319DF35DB92C6866E55B831
BLAS50601	27097AFFEBB88862AF640E429041149F
BLAS50606	465EE00B60415B787836A52A96401412
BLAS50612	ED26DC9B8B74DFA80FA455EB6CC0997E
BLAS50615	BD286A1522B74E925579ED528841B22D
BLAS50619	584CA2580B4489C7609AEFFB16123884
BLAS50623	6068FD86ECDBBC3272065E9133CDEDB0
BLAS50624	2285AEB91250A96E58DB0E9DD27FC144
BLAS50628	00A8B21954A22BD140962E33BF4E27DA
BLAS50630	210683A3722C643B02FE729C547E272C
BLAS50631	CF5B73B5AE285C95553B86CE49D34B57
BLAS50633	DFE2166857EA8B19675A46630FF44FDB
BLAS50637	B131D74D2873F60F863DD64AFB6AD9FB
BLAS50639	5D1193F5DDE81F96D272043AD5B4934F
BLAS50640	95212910109D391F7A46751B1CC578A1
BLAS50641	14D29039C8FC4C749070D3A9417CA88E
BLAS50647	3C6F4793DFB9E406BE74F718F002496B
BLAS50649	3CD100C062F43BB32E4D8CF74FDF40B3
BLAS50652	E562C249FE7C23D7C72312D0A74043B6
BLAS50658	6A8A7FC8ED25F720E64AC75B21511D22
BLAS50660	B2F5486D816E1C302BDC9B0B92078160
BLAS50664	3B1FFF0185643E038C53C1D8E955D712
BLAS50666	8DDE56F10B9C48090647A2F2A5540C9A
BLAS50669	AEA71694AD61974E4A67697CEB077056
BLAS50672	79F44D7640842E59DDD18260AE126769
BLAS50675	53B10E6C0445F19F9D525459BA13DCC3
BLAS50676	053849C1F2FF0D9971950DB4DD0FA1F4
BLAS50677	44FAAB16AF2361267F957713B9094F04
BLAS50678	1C65C98EB934AC6F5DBE270149ECB606
BLAS50682	E4D2CA8159EB22DAE3220BD355E30DDF
BLAS50684	C3449B2E1E9C9907C16CF1F5DAA5C136
BLAS50685	7817EC84339AFA17B1D1454AA3D28A3A
BLAS50691	10FE4610F828577D7A84532CB498E14B
BLAS50698	22BDD7CB97902D7E53A62DF3FA0032A4
BLAS50699	93A473F0F0FE33723FEC6C900E4197A2
BLAS50710	C5313F6D5968EA119177DDAB94F7E8A2
BLAS50718	AA55FF0C330CDA728EFE89B3C5128CC2
BLAS50720	E212B24D81E218821770B7D647095F3C
BLAS50722	1B21505DDEC0C7A60DCC880B4CF41FF9
BLAS50723	9D40E8A9C3C412205813CECB96D42A31
BLAS50726	6EDF8FF118C04EFF0390DF47237AF162
BLAS50729	FF47743F75B6B530144A38E048604A0E
BLAS50734	EBCAA131E09C9F57CD569748E8608A6A
BLAS50735	70784719CFB6BD88BE3CCC4955B80DA7
BLAS50737	7CBB0B599DE667650BF9591D1403788A
BLAS50738	EA97236CDE576E1982EF7A2B5D63FF40
BLAS50740	50B78FC746C86C44448B690F2584C687
BLAS50741	EDC2F71B0F6309C49951AC8785B0C510
BLAS50742	3AB4317684386CD5672D9B46FBD29147
BLAS50743	95FD86B00C1B12196059169B48236BC8
BLAS50744	BF704AE46299DAE58FD20688FC60CF51
BLAS50745	5184571D245B5C489051A5CDB84DE189
BLAS50752	32CC734E591BBFBF8083ACF8BE5CD2D2
BLAS50753	03435114CCFE43B107445F9538ED1F13
BLAS50756	F72EA711476D07F1AB378CEFBE347BC3
BLAS50762	6211818B11894B6788775D526127CCCB
BLAS50763	705F5E1F9CEA964D74996CAC34D580C4
BLAS50767	50F8D84CD56420F46A1E980A3B90A431
BLAS50768	A7BC5E85127197092E9A28E0B19CAE44
BLAS50770	1E213E6407DF3C42181939CF348ADC99
BLAS50789	D4F9776A5C08B1BE0AFD3AC1D0D9B188
BLAS50791	711B58B15948460F7CDABC27D3A3B125
BLAS50796	5BAE5EC5B7A3A803EA0A0632054C534B
BLAS50803	C048E0C82611CEA753E608BF8F58A2A5
BLAS50808	641A3FE23F829C00BD6512BD1C6B3A71
BLAS50824	6B66292891A5301989293486A4DE1E8E
BLAS55004	DCC6A9FE8F5600B24EBBA68DD097856B
BLAS55005	DCC6A9FE8F5600B24EBBA68DD097856B
BLAS55006	0057E7E55A702DC39F3B9285E636A991
BLAS55010	3312A3707B9C9224E3E354AFF70D8818
BLAS57001	CFB0281A9E939C0A0C639B5614066699
BLED00339	F52DC9B6606A5170C6D5031FF06EB1A3
BLED00505	205DA6EB882EAC58BCB8FABB41748555
BLED00702	C16ACDA42FD7187BBDFDBDA7A638EB37
BLED01075	D1A647724ECDC36E373D4955545E00BD
BLED01094	0FFF7C26843466220153C800CC867D8D
BLED01438	AF388E9232532D180F5794E7970E5F60
BLED01728	DDC464D4497BEE554839B15E2C64D2C4
BLES00012	630F9204A1E2888A5FD3A040E15FFBD8
BLES00013	3B899CD0EB677A1221BFA1763F545150
BLES00014	984D19D6DBE4FFC0590D3315019C7F85
BLES00015	96D18C41AE7E590E5568777F279B16AA
BLES00016	BEFBA4E304EA5A35DB8517E1EA3ACAB0
BLES00017	CEAFEE9BA2EA35EE088DB5BE7D267A44
BLES00019	5DFA7198EB72CDB2D34B07D1AAF7F306
BLES00020	1E833C5307C701328A38835D858EE069
BLES00021	2E77CAD8A5BB85F17B0BC02A341AF7DB
BLES00023	33DD2925C7C41EBD1851149452C8DBEF
BLES00024	1B43C372E4266BB23EB92A7D5C91EE37
BLES00025	0166C161A66FAE5B270CF754FD413C45
BLES00026	A0E97B73388903B2904B18B356A967B7
BLES00027	E6EFA03C1AC572B408D2CD049CCE793D
BLES00028	07337D91B89311AAC0EAA9D9C4859EC3
BLES00029	B064D86D34F48546E553FBC2903CC921
BLES00033	8E30B03B7CCE430F82F7E53C58933900
BLES00034	E8C3A375898A6D5F0E4480BC7695A565
BLES00035	D5A176DCE41015C86E312D874D0DE032
BLES00036	56AF73607641948C264978FCD20D824F
BLES00038	C369B5DDE57AD0D345BBE35B453250AF
BLES00039	2E029AA419FDE34E74F39E4EC7518CCA
BLES00041	07A63FA64FE1669C2795CAF3ACCD0A50
BLES00042	01D51B59957D7A9840CAA361C3642FB3
BLES00043	FAE09273604E2ADC15512C93BF365492
BLES00044	F6A2D140A003BEEE8711583828A66B52
BLES00045	879C47C1FE9D03DD98C8DAF09535F51F
BLES00046	AE9E0426AAE539BFE5C4933FC658E558
BLES00047	506CB7E639C6BEA177A310CDEEF1E9C4
BLES00048	DCD55A55B033905C58E7FE2A7F969F27
BLES00049	774DDCD05E36E38A9F74477C75AC1FAD
BLES00054	37BF8B48D08A83750781FB5552CA8FC3
BLES00055	E80CB3BFA2C849BE5623D0050542981C
BLES00056	BFDDF60287AFF77B5FB2DE9459B07ECA
BLES00058	D78D77A5C317C173660ACB1B6D66998E
BLES00059	DEC7F207286765EE7C4E31FA9EA0261F
BLES00061	1C2A6BAB94D4F0ECB791AF8E43A9FC99
BLES00062	CDD7CB667403A1EED74DF47D4E02C5C4
BLES00066	372DD02561E5509E96F1B273D6078064
BLES00067	B14D06512B8B7AE993A14B87B4E2E3A6
BLES00070	C2076FB21E7EA51AB7DC5B990B208E19
BLES00071	B9FB3B109603D26F773FDE52DB45D94E
BLES00072	64EAE395A6AF7542E19AD11A30376526
BLES00073	147F71163958AFE46D909A35EF3E3DF8
BLES00074	65BC97FC26D685C321100382A2A8EF31
BLES00075	11BE3CD5D7F1FF913A946C5F90F30C55
BLES00076	830BAAF934765725018BA8C252ACBEFA
BLES00077	5517194E9A6156F167D07E887FBCBD06
BLES00079	A86766DA9FF60B9C599C883992174C0D
BLES00080	18D49823492769A5F90D6B7CC924C3AA
BLES00082	5D500E9DCE8CCEF6506539D43B18349F
BLES00083	C05289F55502B249AD360CCDFA9AFD35
BLES00089	20FFB342B572EF2039D98C99539DA25A
BLES00090	04E4603C408350E1C25FD7159216E478
BLES00092	0606B7E40A3C63587968A2B144290E2F
BLES00093	17299958FFD2E1648FD73140C20FACAB
BLES00094	A6024B7FFC7CE66561F23B51507CFC74
BLES00095	D658CB3055A72BA2F09773ACCD06F04D
BLES00097	E67318F3C7ABF53ADF9F363AE5084093
BLES00102	16AB0BE57EC087FCB82CB90421BDF596
BLES00103	303E6F62392EF0B013FE8625A54D581D
BLES00105	4698C2493A11602EBE4421BD5556A929
BLES00107	2688C9A95977448D4419542A50545227
BLES00108	C12B2B33D44D724EA4A12E824A7C3B6C
BLES00110	8566903154E45A7069857C1A149838AD
BLES00111	7F2BE69388DEED0EABA73462B7BA8C96
BLES00113	9056EAFB90C6E8087E4249F2476122FC
BLES00118	34155BB01B4B3FD0FE7FC3F1E370E46D
BLES00119	5A7298963F7331FC038196EA69E8190B
BLES00120	82EFE246052B7EF4E1EBC89BFC399F72
BLES00121	02936760E5F704688E6AA0107961C5BD
BLES00124	599820B4DFF914704C994BAE87891FB1
BLES00125	3BC3A878F9D46EBBD0503FAAF8005F87
BLES00130	CB5361962CB28EB33A375B1CF349B22A
BLES00131	FDC8A2E062357177F4113AE5BE7AD582
BLES00132	418E372D6E0C93264BAB888EAE84360F
BLES00133	B424D6698B2C398DEB4B124A6CBBF9F5
BLES00134	34E2ABD7FD729D12B3028A58B1471E90
BLES00135	7EDE06FF6447A6FF6D03451DA5BAEB38
BLES00136	05A645A7DD8FC809809892FBF63C0B8B
BLES00137	05D215CCA8AF261A2C5822535FC4D853
BLES00138	A82DC9C88A82DB22EC45CA64E7C8F2E0
BLES00139	2D84C8E97231380B9711DF7D52A6CE55
BLES00140	CC95385C296ED2D63CCD08C268946953
BLES00142	95EC43EC8498446E9A397AABF7D008D9
BLES00143	5B50B07A6ADC8747D75A486B2DFE501D
BLES00144	3F211D8BCDF24173F7A475514E43B422
BLES00145	A019618E3BBFA8404E889BEA4699C41C
BLES00146	981EC81F6142D67A19E260696535ED0B
BLES00147	6463722C85BCB3975C29E1B3A1DD959C
BLES00148	8A7D3CC1F3DAF58FAF6D64C2BA4E06B0
BLES00149	08FDAE609920D7A7E54A1A9030E94992
BLES00150	F2B13B5BB6CE714F3110BC41E806349E
BLES00153	5AE6F7CF9277788D1E583E05257B7EB3
BLES00154	E2EA9E6AB7632EB1C6F02E13D3C247AA
BLES00155	2140D1AF470B7796BB8C5572C66A149C
BLES00156	331D3D9D690C833173910C6241D207D0
BLES00157	A204D62970AFDAE2C4AEC9F0FB170AAF
BLES00158	D64C88F9ED807FCDBC58F257766B7388
BLES00159	00E7B96E86AD235DF30B50237A8E4E66
BLES00160	B208AA093ACB4D8F988EA4F7E907E3AA
BLES00161	AA42A1914A64C4CA27E0D294786DCABC
BLES00162	74C49FB1DAAFB72AC8ADF05F2FE9F1D2
BLES00163	CE065FC7B0B7C1DA277918832075CE90
BLES00164	DB4173F9D32CBB7E90119170B51FA2FE
BLES00166	F37432C3635F169D0E4B835C988A46DF
BLES00167	DDADFA698AD2BB07E9447E59E477FEAE
BLES00168	55880E9232CB7D8FD67B349BC28CA2E3
BLES00169	D42FC053C4BA4668FAB660A61D7A78DE
BLES00171	3646CB478C2FA80262BB6E5C1136BF26
BLES00172	F2EEA098B7461FE2CC833969410B8670
BLES00174	5D8F36700180B7D6B034151C80AEF4C7
BLES00175	0CDFB70E2B0FDA458853C8986BBA3631
BLES00176	5166A2891A92AA764662FE52311C2290
BLES00177	63E658FC6D3149D5222141AA6FBBFBA4
BLES00178	5285C198A87192CBB48CD72759D76E8D
BLES00179	338EECD1ED1C10724F70DE20DDBEDB32
BLES00180	A985642EC5EF0F30EDE6D74AD8491A40
BLES00182	AEAC9FDDD147C6EBA086BB5208F3F50B
BLES00183	C8E382DA1A3CACED5500D7390BC3EAAA
BLES00184	242BA8523BF96B836D210DC5DC340649
BLES00186	30F82C6C4087C619BB2D4C7F530159D8
BLES00187	75C1EFFB70DCEDA15520BBE7294880FD
BLES00188	FE8732BF1EB68A9BFB1E124ABC1ED691
BLES00189	ADC9C393B5078D254E10EBEC13EE10E9
BLES00190	6D0D2979A4E9216277A8C08B7ADEF340
BLES00191	B328E859657A19A349F24B063E3160D6
BLES00192	1094704EB5A9CA6432C5294CA440DFDF
BLES00193	665AB974B155965A664F093317115725
BLES00194	90DD5A9C3462F87606955552787E9204
BLES00196	D614AB8099566A7FB37C7D2ABCEBD720
BLES00197	B14BD40DC3137B6D0E21A0EE74328251
BLES00198	F9FF4DB8DF87987088FC99DE8309EBE0
BLES00199	7C7A9258317B109EC5CF3742FB2C583E
BLES00200	77FE978CAE395C19A956FBE5DD7057AE
BLES00201	2A00F85A04378A9BA08C180C22872AD6
BLES00215	1A189BADF5DF2B19F81467726A9F7A14
BLES00218	8F128CC9685C8157883AE85001843715
BLES00219	78DB54AE1AA2923EE02D0967A039DF4A
BLES00221	0F131644ABD37B796A10B99AE44C2621
BLES00222	4DD4B141790F033CD5B19EF71FB3C53A
BLES00223	D18B0C4D46D7895353F85CC1E52A6D7B
BLES00227	783ED1ED1D1DA58CB16457DAECA5D8FA
BLES00228	F6AB971D593A6CF491D183C3F9B241D9
BLES00229	9AA0F22A6BF4B468A25644D69AB4A57B
BLES00231	83AC321C044829901D3FED5FB6F1B51C
BLES00232	50776E0DD9F9E6069BA432C4EC999EC6
BLES00237	D2D5A7F81A6DD57D013833D15AED48E2
BLES00238	6BF954D8148531ECBECB1589371C1A77
BLES00239	8990F687555F3EC11732AA5C3D95496B
BLES00241	EF78C6DE9181C1E8A0070DEB6DB68CC2
BLES00242	CA07F3850088397AB5DA856E1E8DF12F
BLES00243	3303CC909BDEAB2EB6346963BBEC3324
BLES00244	A713EF181F9BCEC4881E30237AB083FE
BLES00246	1D7ECBDB6DB07261B235698E7C270CD4
BLES00247	945016D877816535C3C65F9B385C434A
BLES00248	33EE01014AD571F93964D01AB7CCE2E4
BLES00249	4FE560723D2B9AA827393BFBBCF5D527
BLES00250	962A8FD207F3E1EAE8485DEDD44A6C87
BLES00251	CC51C8CFFF0CD11441D37D9B3E0BE45A
BLES00252	12D805D25117076F0A3C03CEF3F9BDE3
BLES00253	5E4E62040695C28AD473955B69343AAF
BLES00254	F484BADD96CC13997FD10BC155F2E8C0
BLES00255	2C54D73C05F20430FF4A2536CC7972EA
BLES00256	7600F1DAC81C84F7DE31F7046E1FE297
BLES00257	0C6F2892ECFA7C864FA489B6A9C266D0
BLES00258	8410EA899426F2B162BFB00423493EFC
BLES00259	D8093DCCE9537B59C7C569C4A97E0FFC
BLES00261	E7D176777AC8CCFB362C9E05392AB98B
BLES00262	FAA5747CC74D0FAD0F74263E0CF61808
BLES00263	6D1BF257055B5FD93E707F10892EC2A7
BLES00268	CE188231360862BE9D7F9580B97D1A70
BLES00269	539B66459D19CD06FF168048CA1EDFBB
BLES00271	8D19FE7F04FABD8CE362D49FFECA3D1C
BLES00276	5730BBDDF050D4F210051C4FA2A2C87B
BLES00277	BEA8C2AEE49F5326DC4451ACC8C59DF9
BLES00278	94596F82636349440F663E86AECE3987
BLES00279	8D29D434CA1D499A49DEE9AF32B705B5
BLES00280	9D578A9F642A69280B919F469AEA5B0C
BLES00281	124519BF47E463227523F4C33550306C
BLES00282	7A1B94309B746F4F5A8C2B46B94E14A9
BLES00283	468ECCC70F1602D3B5B74C46E8CAB341
BLES00284	2D32F4BCCDABA6B6AFDA9EFA0210C27A
BLES00285	D5BA7A328410AA5FEDAD5791193949C7
BLES00286	4A3B3DA24E7711A7A1362C89D04F2FF9
BLES00288	4AAD77327CCA163DE4A2E5A178E0F629
BLES00289	69A8FA75C3EBD8DAE3C0ACFDD50BF35C
BLES00290	CC1BECCFB6BA8FEF81A18A95C20E81E7
BLES00291	5194F769D87289DA635FB60E3894717F
BLES00295	2E3FE2A6807B4A56928A4D36A5317111
BLES00296	2D2D02BF55CD5403AD877D329C5AA31F
BLES00297	EDA635C7661B8D13EC14D18B18BC2E87
BLES00298	FEC7CEEA7098BD423E1E868E65CF7C8D
BLES00299	223D3617A632757EA39E0CAE4DADDA94
BLES00300	9F94A869EF4F188EE3DDB505AA5A0CFF
BLES00302	7CFA7D8CBFD182813B3A7738F040C385
BLES00307	A0CE8AC9B95349068E8D45AFA9BDE66C
BLES00308	2A6CF20B87F545D9F3E317D173D5C1FF
BLES00309	880BF24EA213121F130A8C0EBF62E2F4
BLES00310	187909802D2A7D084B39197360F774D5
BLES00311	48AEA5514F4AEC43719B93D8F689372C
BLES00314	84C9E8ABE150D9915F8EDEE854E72F15
BLES00315	2041E2EE2B2019D78317833D0E414092
BLES00316	355F693A3D54FA8395092B5981A39582
BLES00317	61B72521F6156A7DED8D72631FABAB3B
BLES00318	0E660EE5C8FC9C780895CE4C5BF5A8B0
BLES00319	6E5D64B798A48605A18D62CF4B81D71C
BLES00322	A3C6F188B96592651169C2939606F638
BLES00323	597FD1F851D500E16281593F84F56551
BLES00324	CA09A953EC14E0AFB678FAB5B7FC6912
BLES00325	FB4423F34AA1DA3C44F5A68C31245371
BLES00326	A0F0F0FF805412E43C39A258A84CD862
BLES00327	74CE7B8D74B2AAD8AD507D6BDE68FA0F
BLES00328	908831D931505C28047D3463DD2307B9
BLES00329	51ED72E1487BD0D5AA21C2E74ACAB8FA
BLES00330	F45F32C6A62F9A6204EBFD0D13776CDB
BLES00332	0ACAC02DCEC05BAE2AC7CAD071FC0EF6
BLES00333	D1E0702A4C7AA160A3084C631A9B7C36
BLES00334	20F9FFB00301770F53C2CC37490D5696
BLES00335	EF9591404E5EA0A5028ABA5418C5DED0
BLES00336	608E53DC4C0703FCBDF99148F0F1F3CF
BLES00337	6DEA628E6963D8942C6E4090468A6A92
BLES00338	C31E2BAE63CBC809C23237570C69E874
BLES00353	05ACEE25FE3EFDC140D825D682C8D524
BLES00354	7E9DEE863F56EE45746E9EB5C0E948DB
BLES00355	F1F3D2DAF7A19E947B9A850481ED8195
BLES00357	DE7F00E36816BEFB908ED3504C0EB71E
BLES00359	E15FFFA9A7D184EFAAFF7DBE030B0863
BLES00360	02A803F1BCCE076E47765D9D2ABC36CC
BLES00361	2F3106932D5BA175B7BECD8A09668A0D
BLES00362	CD5D3276FA4552CF9D7FC4C1944B4DB2
BLES00368	27C579202D53C2FB44B5D628C22EBD90
BLES00370	FC5244769B1632DA35A335211E9B9EB8
BLES00371	A04EBCF1EDFB9D04108FD477BAB80260
BLES00372	8941A6D7C4262539C13FAE2AED2E9466
BLES00373	B6AFB9B6684EDF7BE0E5253C36421050
BLES00374	3BEDCD38F29A5472C7EB969E44348D52
BLES00375	BC6192A52B377C0E7956F4D1774ED4BC
BLES00377	B227C2A90B8644496FBC3AC2CAD176C5
BLES00378	D9836403EB5055CE8D3906AB8AAD1B10
BLES00379	A2F88AFF2744AEBA42E67B64A4EA89AA
BLES00380	0A3320FD0B852B57928853BE21320389
BLES00382	FF549E06DAC93C25A8E3315B8616CCCF
BLES00383	4D3A10FE31A3430D393D0C525FDB2299
BLES00384	A6CF09917153043D79222B66D6460748
BLES00385	7E106CC2D72195CBA5196B8196C730E6
BLES00387	D900AE653CE9911DDBC1ADDB258B5174
BLES00389	F1BA8EBE34CE04B32F411A03BE7B9E44
BLES00390	D307218E3A4268876DD7F30F008F48BA
BLES00391	06ECEB534754040668C3F6C33E8F2BD7
BLES00392	58923C0D2D922BC41117DC8DA8256F4D
BLES00394	1268976BB8B3205C802A3803EE50703B
BLES00395	F95ABA53359E19DEC95A59BBC37949B5
BLES00396	E73D2C648C2B944E3E6E07CEDD4B6367
BLES00397	177938F4094B4FBF9CEA258ED845C7EC
BLES00398	F6F578D02AD5D85990CA9F83BCB451C0
BLES00399	313E1B939A1F3A7548E8549C6D8AA2AC
BLES00400	DA6385CEE573742C61155594CEEFB3FF
BLES00401	7E407CFDEA9A7D85EF7ABE2CC3B50443
BLES00402	D01DAEB934DFAB46536894D007AB4B1B
BLES00404	5F2BFE38ED4DD1AD10139D1203BE0273
BLES00405	0CC5C13EB98FF4E56EE99FB89A969B30
BLES00406	DF1A51C3C6E0C55AB7B39B6BCE798871
BLES00407	F729E9B79D7941601815626686C906BC
BLES00408	830700D52BE6336461369909EBC1088C
BLES00409	AE5A6D93C2C2EA4F9E9B2096E6D0228E
BLES00410	9D0709EB256E625FC1B84BA068111667
BLES00411	373A902030AAC57869907938B201BC87
BLES00412	8B52C2BB11FA87A952DD40CEE06BDD39
BLES00414	6C62B2856C9BB48EC6C3206114610323
BLES00415	111FB3BD69A45918656417F74F3C0A43
BLES00416	6FAA07D48BE5AA931E16E54D387A86F4
BLES00417	43AA09A4868D913B72092EDB2305B941
BLES00418	A63ACE4515CA58C5048A5BE3A7DBC257
BLES00420	9A4C8885D4AE6C9D380A9DE0513749A2
BLES00421	2B6B7FAB16FF6D74539D23933C9A59EF
BLES00422	45CF9967365902F1FB15AF27E9098AF9
BLES00424	34DEBA6A320BEADFCC21475E51C866B7
BLES00425	1CD98928964883CB8A0DF159F3D166F8
BLES00441	FE9F0D4C7418D9DA91D3EE82A1A23F57
BLES00442	159557E031EB6A94584DAA4273A442CC
BLES00443	C10D369E0EFF82ED34CCE4EF6FE9DBCE
BLES00444	40123BA7E7ACC62EDCBF78AC193F032D
BLES00445	9DE4C1528556918B8F3DC2DA24099079
BLES00447	13D0A6FD2EE29711B24D13C0092A9142
BLES00449	BB5406DD46AF1843A5C2A5C1128A92DC
BLES00450	F52E0D4DAEA136F39756F398FB425970
BLES00451	351612739F7D63700F2D7BD6A5CA9AD8
BLES00452	981B409ADC692E62AB48BEAC8FE4C7F0
BLES00453	3A356DF9B681E4FDD8A4F3A28997D0C3
BLES00455	0C8FB54C28E7FBA030A31A3A019A5A70
BLES00457	13102D328418EACBB23BF1E64E47E4EF
BLES00460	BCF00881B9D58BC71A8653714AEB3607
BLES00461	5E0616FD92086ADF8E08F8C42F706E82
BLES00462	7443A9D845058F54995A5AA79C3D436A
BLES00464	FBCBD9D00124994F9CB79D4441A742E3
BLES00465	64C083EA749EFBDF81F37B47DBDE0DD6
BLES00466	036A8ECEE0A1AB0AC115F9EBCE308532
BLES00467	57D246F189E2631B2AD20521691BF5F4
BLES00471	6C6CF11323E0BB565799BB8EBBF84C04
BLES00472	07D495611C47075F2248312E628E5F13
BLES00473	396B48D1C9447247F69EF3BA1D4F6AC4
BLES00474	A29A54148102D01FA4D56202F4B96B28
BLES00475	DB8E479F9AD2C937FA80E8F6882D9C77
BLES00477	101CD47758AE960DF6ABE17C4AE9F8A0
BLES00478	E411F6619F0EA740D07713B96BC13FA4
BLES00479	D38F8F1606A0E469BB593C141856FDF7
BLES00480	6DCE2B1ABA0775D56EE5544C0AD0FE6A
BLES00481	EE4876219B8452A610B0A1D30FFEBABD
BLES00485	E5D952857DA881AE2FE7800601DBDEF7
BLES00486	6FB667B2F3F8B0BFDC3EE237CF0C56FC
BLES00487	263BF4E6C05BA172DAF96F4FE19D2540
BLES00488	5360221824E0C12E775E95D9381E760D
BLES00489	3DAC54153C573EC298EAD567379DD1FB
BLES00490	8C963C18B4A5A838D9095CBE5A4369EA
BLES00492	3A4B5BB430E1FC055FCDE189AAA47C9B
BLES00495	1E4493905641DAE3E3553578A143DF8E
BLES00496	E855B6C05C858311F41B53868AE2E5DC
BLES00497	46B5A96C2242D2221F3976AACA0453F0
BLES00498	F719B53BAF9AF9E713B67B426F12399B
BLES00501	1F827EEF6D734073764E43D8DC932C8C
BLES00503	2E875CABA20C3DBB1DA087D4196B81F9
BLES00504	2B5EECF3B8BF306BD54E19F344C3FCFC
BLES00506	45CA2AF453E9830BC32C8E97D127BA7E
BLES00507	17B6B2B2E0F6C8698B5347C7C3C5CFC4
BLES00508	EB030C1C0169BE450EB170A4926F0708
BLES00512	32ED5B55A32A3288517D2FA22FFA3A7C
BLES00513	79090B29AAF92E93D2AD9A01342B0A31
BLES00514	CCC69D4532D408B36574D5FE546BDFB2
BLES00515	6F4C61B1D197344E1F0CCA66B609CD0F
BLES00516	876DC8EB09931703801BECB0E01C85BE
BLES00517	3C8D3205ED6732FD385F947161FFC10F
BLES00521	8CD1D7A984C4EE31EA6C9A9ABA40CC29
BLES00522	958866339952B775AF83DA2AC5154049
BLES00523	6DF994717BF27F2B28D2A3161CD5983C
BLES00525	251C73C5A6AC6CB4C23B16E7429F1540
BLES00526	08132E6716989B034DD089F6B3E31C56
BLES00527	7D3DA54C896492F6FE3379B579A3A24A
BLES00528	DA5F0DE5C0E02A51629295AE79F426B9
BLES00529	D3268DB04345320424BFD551E4DB159E
BLES00530	A1D99F48EAE587218FADD259DF78A1B6
BLES00532	139617D0B35647E022C9CC4C701E2EE9
BLES00533	D41CB9BFEA70F592AB150C5DDD7C0E52
BLES00535	0A996C0E4ED17D7ABC29D2DA1EEB1621
BLES00536	01D374F17A10A119A73B632C14686C8C
BLES00537	578FDC1DE1CBBE1DBA01B8F28CB2E8D2
BLES00538	995C23DF3B55BC90A2CC6033FC3BFD23
BLES00539	7347545C829DD0F709775CB33924F82B
BLES00540	A21F24C956DB19FC5076A62129733DE5
BLES00541	985C58F948CB8CA16232EBD98DD6B412
BLES00542	83659B966BD28EC72EB156EB3DF68803
BLES00543	17D144338F27F5F03611C9E6CD64303A
BLES00544	F2889E097FCC8F39199D7BD50715FC95
BLES00546	42D09040896566ECDBDD426D804F846D
BLES00549	267E9814A299213106C6631B87A00B06
BLES00550	40E752D6182C571A710C3C7C0B3AB8D5
BLES00552	615F8F18D2C1324CCC91483A3A34CCFC
BLES00553	9FDC8CB1D75A46671DBE30EAE82DC55E
BLES00554	FAC762B0604280A84734033E41F72387
BLES00556	96737050AC4886B1764A7F5D072E1EB8
BLES00557	4519694D4362B44E5BBD51DC8BFD60DF
BLES00559	3B10E9C4A8474D6A358CCC76D846BCCE
BLES00560	07B8D5DAD08490077894F55689D023E8
BLES00561	D00713C73F7BF03B64862093C8E57A10
BLES00562	072C7606674713B457B45080548CA61A
BLES00564	E60C421921E6582CBE78421A964CAF9F
BLES00565	45249E99CA132F83A48B2A5FAF92A712
BLES00566	C7BFCE8BB3BA3E81C68CF25799E62ADA
BLES00567	28A6077C78C3D79BFAC7408AEC697924
BLES00570	D0987AB9F595BF79EE457DC08224E0BD
BLES00572	A1D126F665D1768F71CDB60A02E51F4B
BLES00573	5E83C723ADE5F914FEB4DC83A1378826
BLES00574	597BDD1156E6D1CD72FE3D4AB80F2D3E
BLES00575	85BBF435C5857E53316719F6572E786F
BLES00576	EBF2423C21E07F1418D4CB842605AB69
BLES00577	A4FD4789336FAE0F7EBF21630AD69009
BLES00578	DC0CA1C786F2FBBA565B19A4ED19D56A
BLES00580	12052B81F17C055401202F1BA30E6E5A
BLES00581	6ED28D91B17F3808B473328FC2D3384B
BLES00582	79C1F36D2E68FBE8F1F3C31BE96D50F3
BLES00584	92239C5570F9CD4D278CB007D6DB944A
BLES00585	F65DE6EDC25C2BBCF9F761FCA1CC7215
BLES00586	80416545C77D577EAAF591CE9369A1D5
BLES00588	81CFB0301E48D47783A7F4E5464B655C
BLES00589	6CB37A37DF4C81408C2ED34B7626BDE3
BLES00590	77DD0342FEAF40029198C18F852D06F2
BLES00592	5F3E56CDBE2AB67041048F460AC17357
BLES00594	8590B4E8D0F8F0B3CDCA1AE1262B9750
BLES00595	213A3B8311D9CF409081C4040AEFF160
BLES00597	91F65AB2ACD7DB75DA5E113401952679
BLES00599	5520257B48CDDE5E870B5B7DD870B25B
BLES00600	1F4EB36EE4672043C01330868503E7D5
BLES00602	AE5FA3BB2322F50F6CF2327668D0A06E
BLES00604	C13F218E7F0ECF61CC310C0482247388
BLES00605	02A01A2A2634CA8D485FCA207CF602C8
BLES00610	44D00362887E71F6DD7158AD698F3CF3
BLES00613	B995675DC38E52C2B41DBFB992233E04
BLES00615	CBCA2ED354B4ABBEAFA5152728A7826F
BLES00618	A847E17F5BE3463F6E77425B435C264F
BLES00619	68BA7560D74952B4B47B0F456ABE8637
BLES00620	CA5AB82965CB7AB49A2BFD559A89FBE0
BLES00635	F3F3E0464DE9AABBA8E0527F9BB78A2E
BLES00636	E5996ADDF2910CD8DC5DF09DCF250C14
BLES00637	B4795A5B416AA68F6A682CC028BA099A
BLES00638	1AC146EE9AA3EFAB23CF15955C50FC99
BLES00639	7680305BBD7BD5BE7057DA99C93B36DA
BLES00648	5D176DE2A327CA62046A5ABD0F72BB96
BLES00649	455E96FC58FD5815A8DFC8B3F93D9B7C
BLES00650	599E5E72CB6DC1A9DB0EF262905794DE
BLES00651	67482668A67846A30A99F328DE47AD10
BLES00652	3885AA8517DA3D5CEE7B1E4F8F9D18E1
BLES00654	0E99B2FD7832D6D4FDA58AE30D627D38
BLES00655	7CC1A6068E7896C1B8CBD7985F52EA35
BLES00658	A8EC632FACA26FFB96E944F4CBC3FE08
BLES00659	5DC75D8F58E649D034FFF8D504E5DDAF
BLES00660	619781A4C11CF843272E55C6DEAD16C8
BLES00661	23420A0A9E0BED04FC9C3B61F947322C
BLES00662	85AD0FD33FB1ADDF2F58960EB00F352C
BLES00667	9EB07586B9AA2662D7802803C4D473ED
BLES00668	FC3B9600B027D76EAD9351DB041C6B4D
BLES00669	4AE6F36F75FD67E617F2E22BCD6999C5
BLES00670	23A5534F199F763AC459D80AA41B56A7
BLES00673	8D60383B09C517C496D5D7D567B1F046
BLES00676	E9B86E6C806ECDA538D6F023ACC7CE95
BLES00678	6E630BDBC1519DA665FB0497A1D0B22E
BLES00679	8B14166A3B867586CBE4728F124871B3
BLES00680	2FA095AB93D7D7216848B836198F7738
BLES00681	A82CD633FE0F0C666E5B2A674D4A93E8
BLES00682	C5FEC0B85BDDE051FEA281A7031F3F88
BLES00683	4B0982BE00DD1765701CA1D3F492234F
BLES00684	2853566D1662D11EFB8D7CA571B257E2
BLES00685	10F69A3F63D00532B5721A8D554CBC70
BLES00686	3FF28737AEE43B4DA52D2187C23914D4
BLES00687	5476291D63A60402544D67EBCDCBD1C7
BLES00688	50535570B1804019AB70066B3D04658D
BLES00689	0688DEE7C3992BC970F4CB21EC9F6ADF
BLES00690	DCD79B6567FE50AD331034FF1B30EFF8
BLES00691	140BE6F5FBA36F4AA27A03AA62AD82E0
BLES00692	9BEAE94E3334891B2D8541CDE086CD94
BLES00693	BA24982A62066F01FB89EAB8FFBCB5B2
BLES00694	E331E009731865AD61D74FF0DD9A4F0E
BLES00695	8603B452FAD3A05500E7A28028587101
BLES00696	CF419420369DAA56E24DF61EEEBDC0FB
BLES00697	562450440CAD4F0AA5DFFD3436E39844
BLES00698	2F59A3B099D189CD32B5D906EEE41281
BLES00699	C86E06F907339659844ECEEC61172153
BLES00700	E284CF90894F3B94C7B993D827201332
BLES00704	79651FBD6568995DF252E4072DC1AC26
BLES00705	926C60C90DACBB5F864158264024C915
BLES00706	12A8AB2DB1295F59FA855D8DA341A20A
BLES00707	D61C4ED5658EF72428118F43EDF4FDD7
BLES00708	847F7D299B7467F8C5AEABF81F980FC7
BLES00709	A77B9D2FE7D29932BC247D4B2DA5A622
BLES00710	7053402AFA9C4FAE5A9F5F20B1C66236
BLES00711	7A7B1F63182483AB920585BE4E792CAB
BLES00712	EC7DAAD689C091834B26C826337F3FEE
BLES00713	D8EFA2E8BF8E44BC4734236F6E69F381
BLES00714	A021AC502F5A14AA092E5C96DF5948C3
BLES00720	E361B749C340C11B305D51D3B2366CD8
BLES00721	C3C1972278399F7FD47E9DEC021BB9C3
BLES00723	174589027C2279ABAABCA7748E640D15
BLES00724	33B09F207F87D23281CB86065900C67B
BLES00725	72FDC7E9188136ED711D1C033ABCD8D7
BLES00728	230D72E0FAAF8FF5E25C6D549496412E
BLES00730	736A06600E4325A3C5B3661B61B78F8B
BLES00731	46AD9C1213A9669751F15E5546E21906
BLES00732	CA89EAD3F53427678B46307E763770E6
BLES00733	D740B3425AB7BBB14DE31CD5A8BD2469
BLES00734	C8E18F65369EE9DCB88C71E75087DE26
BLES00735	0C290E7C5069D7796848AB0D42C4A4FA
BLES00736	18CDE5A91C21AEE85A9955B3211FBD09
BLES00737	252FE81DF1ADEAEF77BB9553AF607058
BLES00738	87C1E04598330A2F8F556F9E66EBA707
BLES00739	F9EE24DA76B270D68030116A2A39B1AE
BLES00740	F47BFE8C0713972B809DB2BFA0A3B314
BLES00741	6F044464B264E19E2AC8802497313C69
BLES00742	5D200756C713C6FDFA4F009A3B37F0E1
BLES00743	80F8823F76D4AEECAF72A32D0AB04973
BLES00744	67EA2A6720D3A844967E5C65390FE318
BLES00745	A00A9FEFAFC8B60EA80D55380F35290A
BLES00749	F5EA5A575AB65B5515FFFF89F8AA8735
BLES00750	CAD5105D2323EAB1AC9AD77D22C2DC78
BLES00751	43705C5A226FAF3E60AC41529587ACCA
BLES00753	7D5011630E8781032F3873B787E54B09
BLES00755	8A8F3D9242AF7589FA988216456AB0F5
BLES00756	173B469216A8D7B27D318DC56352DAAB
BLES00758	A7AFF68F3D558A1E32ACEB8C8AA40574
BLES00759	659D87244C09CEDFE8A104776BD1492C
BLES00760	E28B4D7A0108AD29E1FBC624524F18EE
BLES00761	5DEE03B7C06603051378DDD6E714168C
BLES00763	96892703C7A6504A1D05A2ABC0B218F7
BLES00765	D17C39CDCDF1691F3D18087BC30AE781
BLES00766	1EE0DAE471B01C6A3E58110DE0708046
BLES00767	4F60E763ED870444A07DE963DBE23E8B
BLES00769	39554E099F4748094383383AC91E8CB0
BLES00770	AAE7ACE86A3150A9E4A2DF26C4474A5C
BLES00771	0F2AF3D84C9593E681BE647BDE5EBBFD
BLES00772	BD7D0ECE82F8DFB953CE60FB3F705095
BLES00773	1FBE0243BF4C4D185C0395D91397B524
BLES00774	968B6570E87EC7C2F82F78DCDDED59A8
BLES00775	CC0A489CDABB3B22C3274797843D4098
BLES00776	F15295F2329F8822192D5069C6A99D01
BLES00777	AE0A1B451926372EA3D1758ECF9D897B
BLES00779	933E3379FBE5862F65E641622A3BFC29
BLES00780	77A38187B74B2D170341B8445E327DFE
BLES00781	0785A65B6050072A2F60996DBBEF2CE4
BLES00782	8327F62FAA98137001ACD1F9EB9DD035
BLES00783	9E0F303B98AADF7F1D92D0F6F1B93DFF
BLES00785	7ACAAAC759D266D7FD9A47E2648A9773
BLES00786	CF341325046CE06F579D709ABB8F7330
BLES00787	E0E26E2E55DA45236F27C1CAC16FC3DB
BLES00788	C49174B08D13FB0DD74DFCE69250EE06
BLES00789	B7A3A293023BC2B8B079494973529935
BLES00793	BD78EADADECCD8A987FE554745A457B9
BLES00796	AFE0738D05B28403ED5A7F39FC9E3CD7
BLES00798	A7FAC45C2FF35100759D767AAC4B0E89
BLES00801	CAF41D6257CCD5845F668FA353C22F9C
BLES00816	ED56EFABFEB45C6E60FA9357FD6390D6
BLES00817	3693FCD58FBD4B61824EE683C71343A1
BLES00820	C435A6FB4182C964E1F5B0ABD9BE5867
BLES00822	A7FE11DA09952BFA3C54894190C342DD
BLES00824	D16C6B3A46505817B4253FF002D14F85
BLES00825	20A2BDA8124FD54071D51DB824BDFE6B
BLES00826	6ED8A3F97621719C339D5FACD9A2968E
BLES00827	E3FE084508E5B346AA3D808AB3A83F3F
BLES00832	8EE5A9EDDA3806DEDCDF41AF5DA96E7F
BLES00833	856EB1DF78C71B755363A2402F02F9E7
BLES00834	C637B45F298AC1A143218201069D955B
BLES00837	86868BCD2DDD8FAFA010316794AD5ED1
BLES00838	81D1F7E9B6DF12147CE1CC29E4550752
BLES00839	EE4B8EB3C6F7725ADA76E2346A24C263
BLES00840	DD251F5FF1FA4CD45FB900842F961884
BLES00841	F7D09ED317E0A97A9FB09706E59B9D57
BLES00842	F89A2432D1FE98B6BAF5B6C92C4A75F8
BLES00845	F8EB6663F75FD58C85E972CBFFED99A3
BLES00860	880D4E45928363AE9BD0899AE31B214D
BLES00861	774A16CF9E214B2989510D583075E42A
BLES00867	48B6C340653CC35108FEBF8861968B79
BLES00868	EA0D0258F9EF3B11CCAFE3973F1C1E65
BLES00870	43EF6CBA0E65F766547C5B83CD6D737F
BLES00875	85700E398B294EA6322AFB1C7CF5AEC6
BLES00876	E06F529C222808654AC88945D67B5DEB
BLES00877	A65A26DDBD0D6038E80EDCBAB840FBA7
BLES00878	9FDE44D849D363500D1425450DD2F8EB
BLES00879	A9E63567E3C35B06798FC3F3F78AA5BC
BLES00884	8668EB0491074FD94BE6B816B93EE514
BLES00885	49999CF64CBC289A5F95EC3A54570A4B
BLES00887	EA6ED34DEFD8EE4542EAE861C4F68AC7
BLES00888	EEC7C3FE5DA4588724C4D66DD99D7D48
BLES00889	277768F8C159ACF000D6AFC9A636754E
BLES00891	0C8FE5CEE37051773BB17F8B2777CA80
BLES00892	1E947B2605A9E49B2C625B8CAFD85FE1
BLES00893	EE90C4ED690DA04E99DA07BC4A82BD9D
BLES00895	3627CCD29D141A0321A8E3C4163715F7
BLES00896	D8A3742078CBB99E0EEE08909BEC5651
BLES00897	C5BC701BF1234C8645C9BF8706C22C24
BLES00898	826867D40AAE55313F7B1DE8B922F581
BLES00899	BA2F439BB172B9B11D2FA7003754A0CA
BLES00900	24A34E029DAF795F8B8CB8A5F6FE1CBD
BLES00901	85C2D19845E84C753757467BC7A5B29D
BLES00902	33DCB42751FCEBA11420499B1F8A79CB
BLES00903	C42B6A95B5D9BAEC8956140CC9674E59
BLES00904	1A4FCDAB41493F7C6219F0AF8C849949
BLES00905	E711635D674398525C85E5AC64F32538
BLES00906	510F3545BD6C77C4F228F207F213E2C0
BLES00909	825D0AC6A23E980DBADE51AF50B15E5C
BLES00910	E20F9EEBB80B419875375BDBA14DAE28
BLES00911	D8A11BA8C4421E4643720CF271D7A4E2
BLES00912	DE6DE402D472090F8C80B174855BCC45
BLES00914	92B5FF5AC70547CB9A3C4DA7A83C3F33
BLES00916	34453A7FFD69048A4BC81D32031B8700
BLES00917	77E5D6AD7B4E58C5D05F108173A42EC2
BLES00918	E405712DDC92747A97841B4CD3BDC9B5
BLES00919	BB360392EB343FE5765F6694A57EA01A
BLES00921	3AA9C85CCD52311733CE16E043EF9F69
BLES00922	B2A23C8D00E1370A9D86876A92AD54D0
BLES00924	C797DB6D40DEF1A70AABEC57C4F86B7A
BLES00925	F039CB895D9E4C29898F35F66E8CA67C
BLES00926	CA870231B63D0C68935321F78378030D
BLES00928	A07FA8D6610569CDC454C8386E59EEBD
BLES00929	34D1700EBD4B640D5A4EC344077D3D16
BLES00931	02BEDA874F88717F82760778735AAD37
BLES00932	E35192D414453BE31AB334B53AD5C5D4
BLES00933	AE7BFFDABABB1B4CE686BDD5FF14A76F
BLES00934	7DF3DB19BEA0428651C33ED819C72E34
BLES00936	DFD26339F1035B0BC86EDDBDF9585A95
BLES00937	EF7095F087CD525922CDEFF35EB2BB7C
BLES00940	151DB6D7D94A894726B01BA78C65B8D9
BLES00941	2C1DF2E48C946B37319EA6264BEEB0EE
BLES00942	DF8693BD64387A6E5B95C9C86E953D8C
BLES00944	71ECE35D5AF180B0D51116822F19438F
BLES00945	AC4A261497FD74CBF88570FE17A41090
BLES00946	9FCB66D4D7963281ECA5A712EFF14111
BLES00947	8EE1BEEA2972BE7FBFFEFC25E65D6DF4
BLES00948	BB499094DE1A1DD079A5B7D8B827EC39
BLES00949	C0A23AA616F7CC7FED53DCE1F7C3245C
BLES00950	EBE008E7EF0E0ADD3C891510BBDB2535
BLES00951	5040E77E4E81D24042865ED8C1D184FE
BLES00952	1EB6D3625D32061E984E726F983EB302
BLES00953	0C1FC274BDC790FED500D02718A40803
BLES00954	B0AA8BA18D494BF0FF982F9F68717BAD
BLES00955	7901B413E8C388406AC9C9377D3B8A72
BLES00957	096E753A0D164402EF11E99CF0EF91F0
BLES00962	BC7BA8870EA880F5486F7EB524F33CC0
BLES00963	666F58DB97E9892A2E3AD940A12BD991
BLES00964	E744AF69A1A4C07DD2BBF1C47290FFA0
BLES00965	B94127C2252110B2111B2EBC9A343188
BLES00966	6E2EA9901D4677EF4CAC5BCC2E39C1EA
BLES00971	853737A0177E010B66AA665181573BAC
BLES00972	4AC07F0EC6427FDC16F2D3931E6E7758
BLES00973	9DB605324FFF9B452F9AFB6E9E7A47CA
BLES00977	A497D382EA89DB5FCDAC82E6C5CC54A3
BLES00978	6E0077D8E9B8CCFA98EBB12A00D4C835
BLES00983	FD099D51C1B2EED9C4D10718E90F5CD7
BLES00984	9F31711C97B2D121419C84B2B3EC896D
BLES00986	4037589FC1C246B75F2257649C60DE5F
BLES00987	5204BEA25285428FBB31F59E6B82B6BF
BLES00989	0170E272788887B45A8B404B21E6ECD3
BLES00990	75E2DAD875C00F94731D43252D7CE6BF
BLES00991	8254D37B7974B6CD73F30C2C61E0C20C
BLES00992	261F426E92E795E82DDFF612336C5038
BLES00995	69CC1EE884DA8807591DB90D02ACE4A9
BLES00997	2FAE7B5D887B01D4E90BE6E80FA37B1B
BLES00998	EDC6099BA4C06551209739EF5C545687
BLES01000	1633B2D63D3042F36C8F63B1E27FE0CF
BLES01001	54B93B5C5CE1C87459A388EDECDB6FDE
BLES01002	7EFA9B26D802A65795ABD1F7253029EB
BLES01003	B4421D0F57DA8AB823F089204C51FA42
BLES01004	85C5418EB422BD9440BA7959E6C9A1C5
BLES01008	FD7E2E194680D4BB259C3A684E7A3C1B
BLES01009	548294A591F6916BA47D21066DEF421E
BLES01011	46C121141483CFCC3F9CC07640D8520D
BLES01016	AD5DFF0FDE23468298D1E3C66F92A35F
BLES01017	A8250B33C25F78E40D1CA0311F1617DC
BLES01020	862E2DD143414075706BD5688BC742ED
BLES01021	456F228D338F48CBF657BD57752F49DE
BLES01022	72FB10ECFC238EACAFC9B76ADB9CE0B2
BLES01025	951478FACE43ABC66FC3D591D486892C
BLES01026	D5D6D09C70504953883B7E836123C009
BLES01030	EDF4EBDD78FF4BAD298B99F43AC276EB
BLES01031	3FE7CC8D21057316F51B2C655418FFBE
BLES01032	C49AC6B34F273F73A5C2371FADBC36EA
BLES01033	CAD38CC4B235A506C9517CEA40F442AB
BLES01034	407DE8F3DE77B3E31194EBB3EDABCD7A
BLES01035	483C9D76D1C68624B8C593B49CD6EBFA
BLES01036	C26F2CE2DD670FBF405C4376372C827B
BLES01037	AAD9F29FDFD1B4413D6B119ECB33A489
BLES01038	5AA5B330D85A00516DFF0B44033D2774
BLES01039	5CB19C6563313EC47314E963E80EF8F6
BLES01040	9E526EE1B4121056FCEF8FD770B1E903
BLES01041	14559E842E721F7B52D8F90D73A12021
BLES01044	F2EF2B3596CC46005FD92CB3E7958A32
BLES01045	8A1596506C043BA41A341F025A9B8533
BLES01046	60B1CF9D3EF8F82A5228B02962F2CD77
BLES01047	E27DD767561CFEB1C35234B5FB1CD8DF
BLES01050	82726AE4FB8035C992DB16B6567BBB80
BLES01051	52700504DD0EE57ADF6AE174F3B41682
BLES01057	ECA74CA8BA5D3669915AAC447F1D9066
BLES01059	68FE72AA1FEAB73A7A7ED66CDB660090
BLES01060	153129CA8D0EA93284DE9497CB37CD39
BLES01061	8239403D3D771780BE572F416F1EDC91
BLES01062	87AD53DCF486290F96E516DBB883FE68
BLES01066	087223B2B7526132D848AB9E0C88384B
BLES01067	73566B50147A8D75BF5CEF1A29BD554A
BLES01068	6E13C26DEB4D29D76CEC572AC25309D3
BLES01069	197EAAE49EDCAB7F26BA3E51B3BDB6AF
BLES01071	B227948B87FE0DD001E66C64F130373D
BLES01074	29A59799C4A6DA53B0E3D01F64174698
BLES01076	9A53DFF9BC140E62DB81794EA208C2DD
BLES01079	25EF60CD809C86992970B24CC63B2EF1
BLES01080	3E831395DDB4BB297723F156E62517CF
BLES01081	94196E8E8411C6C6C9A5AEAF889DE989
BLES01084	D15484750933B848818ACDDFC5A58183
BLES01088	D0175EAC210E09928E1ADE39F74137B5
BLES01089	C9982497F1FB88E9A465CA1E04716BEB
BLES01090	DE5F7547305270C00DB64A27248037D1
BLES01092	678E4862C3F522FD46E9D8CB2D282CAD
BLES01093	CFA8073F23556EFE6C40197ADC0D9A37
BLES01100	C4A3E8F93D39EBA83551E2799A8B1B24
BLES01101	54D22EE955B01E7F04106B6EF1E6CFE5
BLES01102	57E5BD51443A3E0EF6D1A7143CEECE5E
BLES01105	B48D4B34532524EEE16D18713ABFD196
BLES01106	52101F8F23DBB2FB6EAD7A7CF38DD173
BLES01107	864901F3C3C711EC795602B966837C01
BLES01108	987296D05A7E60131D9C12DD87DD4244
BLES01110	11832884136C95FF355CC114F0883E35
BLES01112	7C10DF805F393C9179A0B8011B7793F2
BLES01114	D1C543E4323AB37D0A2DE2B16DFFCEFE
BLES01116	17528A093AA14E9078358FF7295FEBC7
BLES01119	4706670F2837D4DC146BD2A4D8D46FBE
BLES01120	AD62727559F9B32FE148512123B72FE1
BLES01128	195E853DC90C0AC95C82EF8C80D73834
BLES01129	16F7742F358AA112F10132CABD1B112B
BLES01130	40C0F32D7C3E6D5F87B65DE9B8A162F4
BLES01132	7C39854EBBFA47568D91E5FEC96441E1
BLES01133	6BA9AA7789C081CA65B61049B3AF754D
BLES01134	77F34D42FBE0C680027E48BF612FEE52
BLES01135	E22E32E3CFD107F64F8D625FF39A8014
BLES01136	43AAE0599E3485CA3F61E28B2D40A19F
BLES01137	F7E16175A4B9F3A2DEF60B22D393F84B
BLES01138	E36336884BBBE2B10B190C01E7A7F9B3
BLES01139	3D7FB2744A132BEB19ABB9EC89AE1CE5
BLES01145	6ACC06F803BFB4C88C57B505E0C550B4
BLES01146	764C758580C2C4F7A763FD24196187A4
BLES01147	8DD212A02E623AE5D04CC12C678DE948
BLES01148	78E577F07F985ACD48A68C05EFCF09F2
BLES01149	6DCB2BF1E4C5C953E6D1BDEC3CA5C230
BLES01150	21CF260E2534FF505724833225005CD0
BLES01151	9FD8B33E3C6C8542F24C45038D2525EA
BLES01152	DF53676CB50063F1AFFC0EE4372B491B
BLES01153	7CB206CA31C471B50CD04EDF3031DC4E
BLES01157	20653C02414E1AABCCC972DA197A654A
BLES01159	C1CE1F7FCCF1F1990E35D0FD0634F651
BLES01160	44756C2327144456018C001A49140DD7
BLES01161	69C4C6F377AAE1B8E9CACCE683F020A7
BLES01162	CCFDF964657A41A8D7A85D848884B149
BLES01163	4626924AF60069EA4D625B450FD4E48A
BLES01164	818AFFCA3D69FAD5C308F949E6FB36D4
BLES01165	CA97E248E92C76365C15A555953F5CCC
BLES01166	233B49FF61EB6E528E3382A1F9E562B9
BLES01167	387480E7245DDFF1551487B650501A11
BLES01168	421C10426F9EE5793689E5247768EAB5
BLES01169	6C916F4D8942CCB6052FA4BF3DE8814F
BLES01170	401F0C3FF9AAC20E4D50D051DB79770C
BLES01171	36C930C539AB06CA33CAFB3EE3927ED3
BLES01177	12C55E4D3EC450EC9B9CA7FF89FEDCD7
BLES01178	40A6F6AE4F21526D591BFBC2B2E4571A
BLES01179	F34FEA75A3A4058CA5F9FB76B15E6602
BLES01181	11BCEF56E98B3DFF463F6CC4888D107A
BLES01183	C8683F6C6394E1311B05DA2691BFBE03
BLES01184	B72B9FECE182D24CD759E1054773D71E
BLES01189	8F24BD107766A6859FF978B1778A0CB9
BLES01190	3672B649BF12557AA1003606DFC5379E
BLES01191	856F201D7E9044C01E339EED2B7EF318
BLES01192	5D9C0F4BD5BD05C7F12BD672CF9526A9
BLES01193	8455F04C51657A6130AC105D69B54A0D
BLES01195	9B19081F3A557BD3162AA2C1CCD6F89C
BLES01210	D7560F02E420E1722FBC638349B2A43B
BLES01211	295238B6901060C3BA711CAA73389C0E
BLES01212	6665755976E69FC49CCA4F43D7161F0B
BLES01213	9AD924DB49683DC013E14E93FF59A4EB
BLES01214	56DAA0CEBE12640F65BC5A1DC6C257F0
BLES01215	AA966BD4583925B6E41AB6F3CBE1CB83
BLES01216	E9200B828BED7E31C3D0F8BC744FCC84
BLES01217	EA300A74E71A5E9C45BF7B1D40B633FE
BLES01218	AEDDBF5FA3B0A47B69570136F2C0A25E
BLES01219	487EF94E591B74C2F3B35E41DF628ABE
BLES01221	48DA07FA978D1EE5F98CAFD97744EAFF
BLES01222	831B1E22D004CDDA46CA3F9479350D79
BLES01223	6BA96E2C1291429DD3F8DE6D2A2D6221
BLES01224	2BE6B0721960047A7F7FC39B43669664
BLES01225	32B85F20F9CA9BB07B6DAB2474255592
BLES01226	C88BDE30A6196F2AC2366B61B039D1F8
BLES01227	943355D4B26027A505D315E6A35D3126
BLES01228	D11212165E2189290AED80DE46C27E30
BLES01230	8C7305FBAC650A7B096229691D749891
BLES01231	9445AAE91330E78B7B4D47A077DA0B6C
BLES01232	204FD267A258686D8DF103A030E8E127
BLES01233	7DAB21C0D9AE6C55F1FDE031BAAE8B78
BLES01235	D2C3C0FDB8FB58997011FCC9EC89AB8C
BLES01236	2D5D02DD0D8A90748B2C4163E3082D45
BLES01237	F07F7DAA6237B30B185E06EDECA9652A
BLES01239	FBDC6C44786E37EED9E8B4B134DCBCF7
BLES01241	B9A55D57032CD6EFCF9FD2E459B41B19
BLES01242	F1B93368743CC65506419690AFFCE0C0
BLES01244	8BC126C6E32958276A82ABDF31E96372
BLES01245	61B518EE3FE572A99445B1BBE06B5068
BLES01246	9929B5494D1FA74E70F793E6CAAA66C0
BLES01250	A4F5AB72810817F4BD69897F521D6740
BLES01251	8CB137947DB3A7B9FF0E02EC52E04755
BLES01252	D1B3BA19D846716C90D317E6D891C018
BLES01253	FF05EB74E1F26175580E27416C539F00
BLES01265	68B976B8FF16A37CF649A46ADE19DD7F
BLES01266	0DF300988F7136555B92366C0A066652
BLES01267	5903BA894333294D1BCC339E5B00D757
BLES01268	F7702AC90C8B804AC66DE6870AB917E7
BLES01269	FB25159D876E962D47ABEFBCBD4EA50C
BLES01270	712D2D0D175BCA9A804F42E861B7BBF1
BLES01271	B4BFD1CFA9D9B4EA20E5BA16A53C5910
BLES01272	7CC63C7E231FC83FA8A169D1BEC87F33
BLES01275	96DB589A31B193F98E11CCB9174CF86C
BLES01276	5E09B43A9FCDD8D722323F7276059DC6
BLES01281	402AE7B48BB770B942F3AE4F0D55E953
BLES01286	25FA52DE5172EABF6071A6B5609A712A
BLES01287	06ABFC9015AF479F2F31761C0359BAEF
BLES01288	FB99C355688013DC938BD30E05E7A064
BLES01290	738CE82F8E9A4FB37A164D763178AD6D
BLES01291	72D3C65D2066BC7CC968B6FAA959BB17
BLES01292	F5CE577210700BD54101E9DC98D4A83E
BLES01294	0F3BE34A071277D53660EAF0B72FB28A
BLES01295	F3328F1D19E236B9A76079BAA03B8B4C
BLES01296	E62789BCC26A9D3DCB6CA479CE191BF3
BLES01297	D9001FDEA191221720BA9FD43C8963E0
BLES01298	1788EFFAFB26EE77F3EC9A0E157C96A2
BLES01299	C72F4139A290DED7075BB7FE2BA81DF5
BLES01301	C7700E7C18BCD7DE8598E50B858413C8
BLES01302	48C5E155D4D10D23EE3DF9826354A66E
BLES01303	0056F2E383C9A7310715BAFB396AED3C
BLES01304	E1107080B7D80897A0762B7BA124094E
BLES01305	64B9F91DF24D27F2EE8CBCF64C73EAF9
BLES01306	3440EA90770A095E3B42C0754FDC0387
BLES01307	CC7F12DF648F2050CD9DA547058C52D7
BLES01308	EF66DC419D136E9B8490298384B75EA0
BLES01309	7880204686B566E31BC81ECB5EDA354B
BLES01310	47D73746A029AAB15EFCBF3A13A1A729
BLES01311	B7D84B56E9B4334FC1CF216C4B552D10
BLES01314	E762A39DEEA95A34FD631D6C84C08E18
BLES01315	3731E6C2AF96DB3F9DBADD58D3A3EBCB
BLES01316	85040666D5AB3C92E0371D617B669493
BLES01320	FD2882A99FFF46AD998838EF9E054390
BLES01321	1A22A77AF64F1BF196C012082284F068
BLES01322	0CFA4EAA4CEDBF3FF7082B8517181BE7
BLES01326	2E3BE7B701E4D1AACCF3572BB43178DE
BLES01327	4466E8530FE84E3052F036069F2212F9
BLES01328	44D3D0C77EB4FA19C6379252C1E25BF5
BLES01329	C7C2954F5CAA4FF6BDDBB2D7EF07E1F5
BLES01330	45C65D13DF8DBBEFFB45DA97A03E7A78
BLES01338	B4466653C0FBDAD421F31B7573F327B5
BLES01340	D3922B1FA89BE727E2521041E329C708
BLES01341	762F71C571D4254EC78FA2535FD76B3C
BLES01342	8257DED00CD38D268C18C199BE114CB0
BLES01343	BF44BEC2579D4BF84E962EE66BB552E1
BLES01347	5F9420BA8ADE1B53332C4CF04D6A119D
BLES01348	2448259CAE3DD3C62414F9F02E250BAA
BLES01349	14071A0424C1B40915F38D15C1741564
BLES01350	F03C39C5B278BD6E2B31488880C554EF
BLES01351	8FC7DA077DA73110B58ECA2DEDC9C3F7
BLES01352	9C41AC94D32F3798185874507BCDCB7F
BLES01354	D1A5A9A48F8FC4DAE180F41899657593
BLES01355	E632C8320DA1F0CFF52B4212F177E024
BLES01356	DA194D676E125947EC9C9EDC90D63FA3
BLES01357	8A2814485D824AEA679822B77DD51310
BLES01358	4F98CF846D890B14603C2FE7F5BFA35B
BLES01364	FAC0B84F210F2B4F4D23D136A5C8A982
BLES01366	FD2E7ACCF79E060C230348347F8DE1EF
BLES01367	C42BFF695CB7FF00ECB8DE863B8381E5
BLES01368	A2734612B63FAFC353BA5764F6C0EE30
BLES01371	0CBC1C60FB40BB9F04A685895E70028F
BLES01373	836CB05BC072A2044D6120946DEAD8EC
BLES01376	0146C8B7256C3153E4F463DC5673FCD9
BLES01377	1CA9730BE88629BDE0886443B83E5133
BLES01378	B4F5AA355C011BFBA7E6E7ED6969DA3B
BLES01379	137C12CDED96F1102EBEFC4060747D1E
BLES01381	61D83C76887B3F0AFADF71D2802B7978
BLES01383	5286CC6C73BF096ED0AD140A4FDE81A1
BLES01384	4678B2E4C2100D6C31A2715B04AAACA4
BLES01385	09935DA86275A7C44BA42B236694A14C
BLES01386	6C37AFC69B29DE5673A991B5AF87A5A8
BLES01387	F605AA4EBDE4452C1FEB1596BCCD2AEE
BLES01388	D26929A57821D099D1149362C305BFE4
BLES01389	C5B3874704191C705467BBFAF7E6612A
BLES01390	5F1AD988CE1052D82A9A1F8F0CAFA000
BLES01391	DD722BA5656CC89E23D95179ED9EC62E
BLES01392	1B6DA902650B8C93B106F4B28E1403A5
BLES01393	8A75379A30838691F5E7848E26ED06A8
BLES01395	42A2AFFEE04BA0C8B1DC3F15EE8887B5
BLES01396	3F123C88DED6354954A68A2E3120C8B6
BLES01397	E6BE125B9CA611D8CB7634F349272BD5
BLES01398	E3EFD69AD80C387D71DF6AF993A3A9AF
BLES01399	B761F982420CE1E1DA31EBEFDA739294
BLES01401	B85FDCA1A5D9ECDB0D2F650B1554DEAD
BLES01402	6F6A2A0CF36E7AC8A899DBFCA12F8F7B
BLES01403	363B42095D9D7D13BAA79C192D994BF1
BLES01406	FBB63621B4A78103BBA58C2183A0E9DC
BLES01407	EE44D7F12498413B3B134F15D2F3546C
BLES01408	5D45103AEF9E4D49E11CDD6C52F0452D
BLES01409	C23BDC105E4B9D3E6A330210E0EC1642
BLES01410	6259375A37D79FF4DF53CA0BC3710A89
BLES01411	F6D04B785223CB79A9B15447F111234E
BLES01412	68BE023DDB4B5DB90194C0866D57CE97
BLES01413	5D388B0C1B3D354C97174BB791A5F6F2
BLES01414	7059B2B4197B3C4DC43C30A69967F5A7
BLES01416	8E1402B42B837B6AC9B0056449271B36
BLES01417	3A3FC5794F613ED46B3CD746B39310E6
BLES01418	9C13819F337F0996B588B1E6AF4451DB
BLES01419	10F203245D5715CDEC04D54561C9CEA8
BLES01420	C6F787CDC7D862DB423D4946CED6A725
BLES01421	07883C55871A972671F42D8B52B02104
BLES01425	882235D3D8672DAD47F4504B03954681
BLES01426	13B9A566AC17432DAA5940A4A04136C4
BLES01427	E659AD71D76C2452C44CF75B370DB7DA
BLES01428	2082DCAA9F8E43DF7306A48A8273E26D
BLES01429	9D6DE3AD9B0DC1008BBAB385C7647F42
BLES01430	0DC411DFB1E39EA6C6181AC58A84B0F9
BLES01431	8539C00B620B11D26D10A4EAA4096F2B
BLES01432	D68496750D8578247A68F06D6AA18933
BLES01433	ED618156A96E79258F38C7CCEBE3F766
BLES01434	64ADF210C4FA5DD244D3936CADF6A377
BLES01437	2DC1A0FB5F9330D8626342C2F94AEF6F
BLES01439	CE74CCAB7B56E7398ADBFC9635D5E24A
BLES01440	860C01CA62F5A238D62E06839200EAA8
BLES01442	5D6AA95BE5B9A14C242AD83EC64E6D85
BLES01444	673EAB6145EA25ACF51F9667D3E8B0FC
BLES01445	EEE8C4FB80B4AB66DE22F03A36FDC96E
BLES01446	61E3F301591C33A7835CC82E4B924713
BLES01447	1C81D89B6EE459380460AFBB37EBBF7C
BLES01451	13F75FFE3741CB6DA63406C060B799AC
BLES01453	64E64AB6B00C584592F71923ED19F041
BLES01455	09FF80F0314475796E8E7B66AEF81188
BLES01459	9360377FB003F28D8105B00202740DA2
BLES01460	B84367FC266B079CB71CFE496BBAD2C9
BLES01461	AFD8B226AA5CEFE64CC69D3BC1DCCB31
BLES01462	E54245FF1291EDD2BB06F2E2034AE589
BLES01463	9D73BB802D874DE8F215108E8637743E
BLES01464	C48ED6942CA7E8B924F5A7B9C395F3D8
BLES01465	26959961CC57A7D514ECBDDB77663786
BLES01466	68EB1A864568583E2B3C7F86A0A35F15
BLES01467	5207F4DE4660F53235B1BECAE055D98D
BLES01468	68265E7E90F9304422E9C67EC5C4EC1E
BLES01469	FC951EBA5E85B1B651C54433B62B67F3
BLES01470	C6786E00A7A5B9011C01D4CA4455BE57
BLES01471	AF917F83F7BFB38B01411ADF05D73A7B
BLES01472	C25635FA03ADBD118B9688C6D22020C9
BLES01474	56BC3020F9367A64AB64A4E2CCCA9E05
BLES01475	9ADD12A165F42C722775DA8861ADDF65
BLES01476	6CBBDCAB1A0C99D14162DBF0EB567097
BLES01477	DB67A976E0196AD48C72F76EE4CF1F75
BLES01478	1128490B548ABD9AC922F7802937F919
BLES01479	DD3442F3AF8509EA18C307B07C55801F
BLES01481	278175D58860B6958EADCAEC6F9A0579
BLES01484	96F52C94C18BE7C3C89F966F37461D0D
BLES01485	2676148F34969B5D07817B224CD2558E
BLES01486	60CF9998C0F357CBCE3A56F77B3FD40B
BLES01487	021B6469B28A42879EF568E2CF6EA92B
BLES01488	D5EA6454F75F745F4FDA6022161533D7
BLES01490	D3564E755C20C7AFB25FE8075E2AB796
BLES01492	B7E274FADD88C7544BCE39C6170FD20E
BLES01493	F34DCF84985E4BE0E16F866000B73F26
BLES01494	FC4C98EC7610E29D990C8F1DA7F9C5D3
BLES01495	D50E4A4B38026AE2B840A36CF02A816A
BLES01496	47600E87E1E4951BFDDB1000A64E8AA2
BLES01500	43DDEE34D6BCB611779CB53E9473FA90
BLES01501	5DB743FDCCDF574C9B900470D6901E88
BLES01504	ED6B038E70CAB4C37F162FE9A9A1479B
BLES01506	D51AE414F51D74DD0B8D805ED51D4773
BLES01507	16F08F31881FE5D2EEC885CC46B99445
BLES01508	91988BD4974BB165C188AFD3DFEB1CCD
BLES01510	274370A36C6C4BB174574107C6C6090F
BLES01512	FBFF01C61E1D008B44D44071CBFD598F
BLES01516	B24879B303A183C8BF5DCA7CF0BFD270
BLES01517	E5346761BEDC9D2BE4B45A906E161C46
BLES01520	DCF16B790EFD4E764FE8A42ABCBDAD22
BLES01521	3AD238B6C7ACF499A1311B0D85643684
BLES01522	B6D835E995B1FF3718A37EB7C52CFA23
BLES01524	F0993C7C911267FC4C1CFC065E332582
BLES01525	F556A79787F49621B84B72CF2C8EB56A
BLES01527	7529BBCC52D53C21E6CF2B0C64705541
BLES01528	45E8A4E64B2B080C07E11941CA8D8BF7
BLES01529	F63E832409CD42EE939650D8DDBD42CC
BLES01532	0C81AC1341706E5D1F7DBDCA42A6590A
BLES01533	66D626530F038C85A1FE0FE6DE54FC53
BLES01534	2A3539C45B80EBE5D18327AA2ACC823F
BLES01535	41333A5FCF507E50235BE8D5244C4A1A
BLES01536	D0E182B1B2684B669C50D1621C481F25
BLES01542	DF12DB886F5C4659CCCAF3B525FC3734
BLES01547	12062D7D17EE1078C179EDF80B031B39
BLES01548	4238C618329CA139B1F3363429AF1011
BLES01549	2F59304634B3014510998770361B4A98
BLES01550	7763BF7EDBDBED3034D2006E01D39AB1
BLES01551	BD42769780974437E7B403D17A62F42F
BLES01554	30FAFF08531857238FF626564F7C3A46
BLES01555	4C52927E5DEE5209965F91B325ADC016
BLES01562	A8D3A1A43D0839468B6761167247DDF9
BLES01563	8691357A0F09E484CCCEAF1209736300
BLES01578	82015CCB84CB6D9919250FE777659806
BLES01579	6B31CED4DC583A8100DDE7BCA63E462B
BLES01580	42B24D21007C55F11D9BA51DAC6708A9
BLES01581	D3E5425B48FD43749ED4A815E395D6F1
BLES01582	39A44AFA50CD615402E4A104D06DD6C9
BLES01586	98CB4A4A631022C127E367EF13EDDDA5
BLES01587	32178241CCAD5235C2C73CE7A05CFDC9
BLES01588	03534D70333822249E7974E5731C12BB
BLES01590	D916D183EDE3B2EA7A8DB58E4D737A12
BLES01591	950D40154026BE7C395FC34291ACB4D7
BLES01593	295DD649BC75927E47B7246E2E96CF84
BLES01596	93D957DA2C118255BC3227C16982C12E
BLES01597	8A7D4CA17F6750B61E0A1663C08B2528
BLES01601	85AD5EBBD894F88E184EE8DC13277582
BLES01602	39E615E0F11EF9EA2AB906E6F104580B
BLES01603	C39ADB558957A7A4C2AF3989460FF4A1
BLES01604	F0C1DBA2EC4FDADF85290CBCBCC4B094
BLES01610	B3FA7833CEA9E51276CD71C125BEC28E
BLES01613	397876F57DBEE89D0ADC217821216FB7
BLES01614	9D3335C1858687C050ACB3B2F8B25C53
BLES01617	4F808971368355EB95BD4118306A2CCF
BLES01618	EDB234397D3A24D646F3A3C4445B9EE6
BLES01620	D7ED2B76D056794CAD35375EF858954F
BLES01622	33A24BAA9E12549EE6F5695F26905B84
BLES01623	8C00CC2F7C1E4161F243D3929EE3ADE4
BLES01624	748450209B15238A7551A97DDD44BE57
BLES01625	14FF888EC6D66A96C2A0A67FD79EAF9C
BLES01627	9873A1CE5DFE8CCA76D9CF3C7566D29E
BLES01628	99D22BE8424022AD92BA4EBB63D73F46
BLES01630	6152D39D66B3993055BE83E41073F401
BLES01632	2D53C9D8292224D9C0F0BA6FC6B776F3
BLES01633	DCF4A3B66FE9B810C006FE6144557569
BLES01636	AADD42D35EFF41220A8E1B359D0A809A
BLES01639	70A4A2BF493C1BF6FEDFCFDEDAF618A1
BLES01640	36345FB4304C70A8C39BAAEDCE1DF8C7
BLES01641	4FA895ACD68A66297075AC346692A122
BLES01643	66862BD4E109855B21B016A91F4B21C6
BLES01644	524EC9C14EBF9907F82238C5135D680F
BLES01646	BE38C21D94C303C2581F5E8CE8A02A1A
BLES01647	1C1B46C6AA8B52788DA8FFD91DC0B89D
BLES01649	C5033950FAFE802717C6D2201F8BC6AC
BLES01654	72C945960C89B02C9982BDCFDB2FF4D6
BLES01655	E7F2C0A3CD65023B111A4F57FD6AF75C
BLES01656	30CC3DA42982153951658DCC5516C32A
BLES01657	27C01B1848D5F42B211A597C87C002C4
BLES01658	321D55BC386922B0AC89496C76160843
BLES01659	54247D3811B8A808AC039AE66E18F9A5
BLES01660	A21AC3A1323D94C3D106B55F2D7FA9F1
BLES01661	DB5A683B50787430EB69FEF8F37B5ACD
BLES01662	5E5B87CC9B3C1106B42C2199F922F168
BLES01664	6E6967DBD7890707BD6E91AC073C5CCD
BLES01665	E3BAE0EE3C9D0603970664ABB9648989
BLES01667	C3587E3EA2CBB04A1C760A8EEF857B30
BLES01668	BD286A1522B74E925579ED528841B22D
BLES01669	8E5D5FA20A9B23827382B7CB177E3C44
BLES01671	C0BF6B60865BB6B3FC411F208FE52B01
BLES01672	9565CD5B872267FFBB4211F18A48EA54
BLES01673	1809094306E5CA6D682F9536FF01A837
BLES01674	D0A7C1FC7A52D2BED0542A16126EF504
BLES01675	F98E3BD38A020290AE534394D1FA5BB6
BLES01676	341203EE930FB7934E419ED30395EA19
BLES01677	E23DF057B3E69F6A4A63502E1FD302DE
BLES01678	A1F60DE7445162F9CBBA8DB35795CC3A
BLES01679	4381D194BEDF6944FC1F7C5F018EF5FC
BLES01681	680277CB91A4A55DED8C898753939875
BLES01682	B4BF5659D0F97D358F761200A1E3DB21
BLES01683	116AB5DC46D22D2BEE1E59556B750ED5
BLES01684	3901CEE3426B194F648387D41282CE9E
BLES01685	71869F714BF6FB4B72E17B07B386485C
BLES01686	7987741541122ACD509A9E589A7C9F1B
BLES01687	9D9DF0733F2E52131DD8CAD89AA372D3
BLES01688	B413B9184868EB0693CEC508DF9CC847
BLES01689	6636FA5F65D6ADE02491CB44F8C82A30
BLES01690	31D0AA32721ECFD08C1A9F8ED6979D10
BLES01691	134156B7EBB5744DB7772EB376F29501
BLES01696	DF74C91DDD579950B0BBE2ABAF123A20
BLES01697	990640143FE71B6EC795AA4081132441
BLES01699	843369344BFB88FC0A322B561474A140
BLES01701	146E7CE22D37C443AB7C857EFD1BD2B7
BLES01702	2E1A4F06B65BC1C39F3D12A85956F748
BLES01703	56A610B3DEB9EEF3DBAEAFA2E8FFEE1C
BLES01704	9DE0944555188B25F516143AF588138F
BLES01705	8C66DB639C133F12C279AB88A6B7997B
BLES01707	1181DA294BDBF8EDB9E365B1CE5B4E83
BLES01708	5F5D62083C886B51F09644583E1B19FB
BLES01709	B5CC591CDB608362A9DC12C304904505
BLES01710	3DA3A9C9E467E90A3C1D52FEF9D649B5
BLES01711	DC516F7C4143BB182640612E70904603
BLES01712	6FCDC7480CFB1BF7883D720C04A5988D
BLES01713	2DC4E150159A4BB068286A3C49191358
BLES01714	ACDCC5722BD2FFD6EB02CA8C12D939B6
BLES01715	C324E628B5BA273BD3510D07A3DC3477
BLES01717	B4C42C52267A5219AA2BDF0D95717B32
BLES01718	EBDBB9107570F2A9B7792DE4CE3CE57F
BLES01719	81181E8FBAE6F1E83A17B552B86EA583
BLES01720	C895174CF5E3B46C910DD3F7135F9B51
BLES01721	44F2A59DF2D29B118213442903CBE85B
BLES01722	86981254912D30338DE3594D0C2B8818
BLES01723	F473037A198E1D26A386D27FB13AB761
BLES01724	D0144F4C32162CFC0E8271CDCF0CD6B2
BLES01730	33EE21095323239322B2493E7A13BD23
BLES01731	F067B3F2435E3DC55E9ED9F63DCA8C7B
BLES01732	F5998AC0C8FD0A5AE8413D47A9EE3AAE
BLES01733	81CF510AB0B899E18366FFD75A7BC983
BLES01736	B5CA9AB150A98C7A59EBB02358EA7ED0
BLES01737	533168734403B2E849C8FA48DED16C37
BLES01738	364E72013EE159E616F7B91683F0BBB6
BLES01739	DD3B8AF1629D6F1C0872CC40D914E0CE
BLES01744	B76031D39D0A08117D048B8CCF05BFCD
BLES01745	B673BCBF88BA5A21DC7DADDC56542DC7
BLES01746	725B728ABC80F877D2959D4B674FD240
BLES01747	83C0C3169D73642C8B1E71FCDBC4197D
BLES01748	D39A924B70EB168930C092C8E0D9AB4A
BLES01750	5E3C893016943F4AFB7D49E105E6A035
BLES01751	868ACDAE118366F5258F4510426C2F3D
BLES01752	93A4F91EF64971CFB44A4CAF345CB0E9
BLES01753	1FF4A02483528999EEEE23AF95797160
BLES01754	A82FB150B2A05BA17B8A71D4BB602E3E
BLES01756	87DCC9040F2A118B896EA1C78514D12C
BLES01760	46FA9451EF590BA261DE94618B6D8677
BLES01763	0A16810D2C3A2C4E8C6D8971D3BB7FA5
BLES01764	1BF6237196BD42CE561E5EF008361913
BLES01765	C6648479E6959F9521E64AD4A2AD0A88
BLES01766	A00AD452F6F8720E443E4C796143096E
BLES01767	65987763C5FBD54ABECAB17E8ED7522A
BLES01768	7764E0BFBB687255F778383C5A44C185
BLES01770	D676A63A243389EB19176040D69FE3B8
BLES01772	66F56E32797844C9FED4F20740520B92
BLES01773	AC277C576762CC91A9CA08F08EA90A2E
BLES01774	14C991D0F208A2781DB4BF48BFB44B59
BLES01775	1C0761B6AB5B869C71C693D3FB310D6B
BLES01776	451A221F1D0F507A1F27D5A3C7A7C8DD
BLES01778	B1420BC75FBB778AD06A1B45512F4E0A
BLES01779	DAB8541AD13A0A46738ADA12D9A253A9
BLES01780	8B3A0D5C329773037AB94245E8186B68
BLES01781	955B802AD262F751B8325EF7B64630C4
BLES01783	28A78AD1A9131A1B317D79EC21D28E9B
BLES01784	124CB8D0B282B6AC77D9EA71F2882AB5
BLES01785	0AD5DE21435628CFF458ED7E338422D7
BLES01786	8A8AB723E1B2A51F46340998D64A353F
BLES01787	4E1EE52C27AB86C4698435B8E8D70EC1
BLES01788	BF3A84BEFE6DE719A7F694CF8FFA173F
BLES01789	AB957ABD09FF9633996CEC7890EF4886
BLES01791	C65449E2122AAAC666D26BE35CBBAB06
BLES01792	09F4AB68AE27989E7F79489468E0AFA0
BLES01793	2F2402263E3EAE399E16EA44BF4C85AE
BLES01794	8B11F1B3FA03B723E20D16478023F203
BLES01795	51DB69790E23AB4068F0ADE766756F50
BLES01796	95F9420BD706421665382E2D8D6E616B
BLES01797	1F39B6062201EAC0BC1371B76B44D17D
BLES01798	F36C3615F3D71B01E4AAA1CDB2512267
BLES01801	C80B482B44BB1C7A64BA95E986404A59
BLES01805	BC64A8DF4A941D64E81EEB5941423302
BLES01807	1977D69681E346229AD7800D758313D4
BLES01808	8F5816EA0BD18D27892328543AFA5395
BLES01810	A4918C57D2747222171A7CD8ECFC949E
BLES01811	BDFAC158A03E7189094CD78B40241B5D
BLES01812	89C5C24F120F143B57DDB420F8C95689
BLES01813	69ED1236519273F08B769F26A4165EC8
BLES01815	A7D3441F0328825168006BA125C44C7A
BLES01831	C9B6C494B88DE22F77957708EF407A74
BLES01832	7D2FD982C4F1E04550B787CA7087058D
BLES01833	67CFD2ACD27E13BD207A7CA93E4D522B
BLES01834	AD17E8CBFFF6CE6A54E6CF114F18804A
BLES01835	A6592064D07515C560B98FDAAFD4B0ED
BLES01836	5AF72FE081FDEA4F5B83628AC4184CCD
BLES01840	0023E311092A464CD026E41C4FED6C63
BLES01841	ED494B8B60559921EC1EF0168E87D19C
BLES01842	0197334127D9C11475FDACEF5EF3C199
BLES01843	9688F692944B0D7E72574C6622AFB0E9
BLES01844	3154B1DEBA8432A84A076598C7209E63
BLES01845	8A2B8B7BF5E0CBD406F1726CA4645161
BLES01846	732766DB834D278E34E3DBB5F21A070C
BLES01847	6BBC9E31FE392DA3AF8520C6105655CA
BLES01848	4067FF5FB15BBEFFEA8AC4E57AF4DF64
BLES01849	5C9BAABFCABBDA59EC43F1678D3FD1D5
BLES01850	C0160B4187700299CB3D3B16309CF3B9
BLES01851	71C0A7B5A986471E57362E610D7F0653
BLES01853	4D38C872F01AEE20E75766DE62E831A9
BLES01854	6A8A7FC8ED25F720E64AC75B21511D22
BLES01855	1435BECBD6FD2049FC5CFCAF27DFB0BC
BLES01856	FED28CA2F56878AF39F7C61D1181CC9B
BLES01857	CDD9D74CEB0C44BF5F7877762DFE53D4
BLES01858	A90F4D26CD77CA2285383B64AE5EAA1F
BLES01859	94913FAC534E1AB85950059A73FBC027
BLES01860	AF5D9221FD90CDEA16A2E82AF1F59738
BLES01861	F20C3E6509A02D4AF254B57F1537D318
BLES01862	346115A0F69EBA255E5EE690EADBD47F
BLES01863	43D4C89F75D9216237E45AC755EB5F65
BLES01864	17EC31A4F5D70773AADD5FEBF07CC5F1
BLES01865	4EADDEFE8568AB7FF1C46771D172E5EC
BLES01867	AE8C3770E47794D3F5E9FEAF1BD0FC89
BLES01868	1C261BDD0080FC9E69D607512559C5ED
BLES01869	26BDF622B3FE2BDFA245E7882E96270A
BLES01870	DFE2166857EA8B19675A46630FF44FDB
BLES01874	F666B89D6E006DECFA8832914EB96181
BLES01875	63C7A27DB7675AE21B150FC5D7F328D5
BLES01876	B131D74D2873F60F863DD64AFB6AD9FB
BLES01878	2C988EE19EB33F45547DE2532C78915F
BLES01879	4B2AB9D79469D0AA02580B0560019756
BLES01880	D011AF64800ADE0BAC9E2E5CA76E59EB
BLES01881	FBF213275A6FBFB04A158C5921008AD8
BLES01882	D3186B62B701CA2575DCD8AE312F5D6B
BLES01883	211884BCFD7606E6EEAC12395F12604B
BLES01884	AB3679E273BACD277CBB7F9F3D7B2513
BLES01885	4C485F9F00650CEAAD377399C43A0966
BLES01886	5058E406B7F3F1C5F97A0767DB04A70C
BLES01889	F2557B87F087AD0824D80B6A6C64F8AF
BLES01891	83045C925235DB7BB605683027091C1E
BLES01892	D8413B7F127818E252B4DA5D7B7B1A13
BLES01894	35A6360FBFBC5BECAE75603142D9CACC
BLES01895	E35F8D0CA32E5FFC8876E50A275BA145
BLES01896	043F6B622CAF0AC164DD6B5A748B6D85
BLES01897	1221D6F32687B40EF42931900CD0B5DC
BLES01898	635327C222754C0B97B968FE0256BE0F
BLES01899	31409A91650D9753F36C7D05FAFC5087
BLES01900	306E455574CFD92E93139BB7E6FCE9C9
BLES01901	56581878ADF609D90F76A95F74C3FA4C
BLES01902	41C6C34611D8A1DCE67AF889D6F64C54
BLES01907	ECAD3602BDF8E9912B924F837C8A27DE
BLES01909	1D80EB62CBDE6D52D8DAF543A4B06920
BLES01910	B338C6823334BCDE690D34D8C0E4D570
BLES01911	874314E27FEB73D94F2979954A4B0AC8
BLES01912	5751667F30BC951DC4FC21F2AC48B251
BLES01913	165D3C924B7C41DB16ABB7AB830F72EA
BLES01916	AC79C8EA6B74CA035D9A4F8D96A99462
BLES01920	1DE90A22024439D794A866D7768EDAFC
BLES01921	F69DFB869EA65862BB4E6A25A5AF90CF
BLES01922	8FBA164B615A2AEFA8CEB7949A7B4081
BLES01924	35A5899B3D40E526BF68A0126ABDA645
BLES01925	E48481A5F87077271DA38EC39864751D
BLES01926	FB9FA17014A003BD2EFC87EC049496A7
BLES01928	A96CA0D6294A72B7E0AFA520C0B1D6E8
BLES01930	907469AE0950A6EAA8DFFABDF6F563F2
BLES01933	0211D91560878E4C02A49478C7ACB06B
BLES01934	FF9F552E06F1263F2608F51C306A14D5
BLES01935	C680877D96F7D20FCF2F5EB572B62911
BLES01936	2585666C7873B95ECCAC0120AC84CA2F
BLES01937	61EC9125B1391B1E669FDA9D7B19E7A7
BLES01938	8B1270943AF38D4215D4E5D3AF515718
BLES01939	9C897E8ED7AAFD2D5577E41482A76548
BLES01940	A7BC00A424B99EF002E8A5824A3AEB50
BLES01941	B5758920B1F2F207D391580EE1B25907
BLES01943	A9084EB7359CBAE03431EB75C6BE4A7B
BLES01945	B7FF1C257D65D83268E59A3D659AA677
BLES01948	2F49499BF07BED661D504D46D2AAE7B6
BLES01950	BA4FC4E703DBBA6692F72935B8FAFDAF
BLES01951	8CC842A186D8BFC05D561CF6DAF2EA00
BLES01952	F460410B7C242F2468B7529FA40983B3
BLES01954	E88BA807AB9ACF8B698125A3FFA8CCA6
BLES01955	1D3CC8ED916FE4D8A9048EB750166F69
BLES01956	8F9A481C3E16D8F4819E94ACAEE35ADE
BLES01957	5E78710CE9BB90F61472594758DCA76F
BLES01958	BC006DD59024175E135F6863CEC7325A
BLES01959	E28252A87202C2F90D6EB0381CEBD8FB
BLES01960	3D67FC85AD2C7B6B80AD30A8B797C756
BLES01961	2F8325859F26D976275807F788E56F12
BLES01962	10DED13B349F8B332E474ABD287463D7
BLES01963	576D798ED28ABDEA2E79030C8B4468AA
BLES01964	AD419E86185FC4AA8F0146E0FE5E32F5
BLES01965	AD4455F47870232D889810617351D58E
BLES01966	DBAEFFF9830F0B9485B2EC9666679DFB
BLES01967	5B8A5D980149E3655B7E02087F45B111
BLES01968	3312A3707B9C9224E3E354AFF70D8818
BLES01969	F54C4C1250E8F742C1D8AF7ED81211B2
BLES01971	E8EE01B1ED7ED89D40A0413EB7C50502
BLES01973	D94AF93ECAF95A786A1A12B2C2DD3E64
BLES01975	644C55C25BCAE2BF07034F7266A63594
BLES01976	43021590148929A2B5A4446C8C2E4761
BLES01978	FCA38176100820E48125B2E4E8968508
BLES01981	BF64D34ED23773681C030B1A9D997B1F
BLES01982	EC0B6E571FC30350DA4AB56519B26DEB
BLES01983	A51AFDF227C3494BCF2A0618D2B931D6
BLES01984	F01D8E1A2F8579AB89AD92D676100A3D
BLES01986	294A226540DC64E183FDFE545F55281E
BLES01987	5E65869F8778228FB071E505CC03D42A
BLES01988	A64F6D6E0D5E60C5EFD28F9D8BE6EA75
BLES01989	37E419CA94C0D14DD1E53F9C84869015
BLES01990	4327363B50B85097819CAC8BFA79DD5B
BLES01992	A31356B12487DE2D8520E7FD7973F7EF
BLES01993	567BD36515538263765DE4AA49CA6F43
BLES01994	FA98186AE54037CBA4000FE6980137B0
BLES01995	577EF601DF3BA0E5923B64E985D66184
BLES01996	7520E9336E5D9CBB71753CFD050725FA
BLES01997	A95D4577CD5C3CEB7E7AEAE4B4CB2448
BLES01998	77943D3CC2CA2D174B3C3E062205D086
BLES01999	879451A870AECABC56560EAC4AE7108B
BLES02000	A4A1C8E379F4E1F883F0070A01397811
BLES02001	AAC08E22D0CFD03743B2520F0A307FAA
BLES02002	1ECA0D94C277C2FB0805563C58A277DC
BLES02003	3C5B123CAE465E2BF4124EB3BBE6602A
BLES02004	E8EAF04BD100158CDFD5860E90DE54E2
BLES02005	900C022F1893D58651AB3A0860A5D29A
BLES02006	30DF24EE6C3C891DAAB7593C1D02E6FB
BLES02007	E1B69919FBD6FAFEAC96F2BF71D48DA6
BLES02008	72902C474B6E0F8EEEE0098502574FF1
BLES02010	EECEEB92E5C2F69CE38FCDE3BE30E061
BLES02011	FFF48ADE0047A1BC5196C11009235282
BLES02012	4FA814B21958B7253703ACCDDFCFFBD8
BLES02014	66433DE86E87473D69212A15930D7335
BLES02018	106E21770E2596148614FAD9C40B68AA
BLES02019	D7BFE712F6275BEC1E7AFD85F261C8D7
BLES02020	DB4DD2EAE2F2555F2F88E104330692EB
BLES02021	8965EB50568F74B4A8F710A505C21522
BLES02022	9B5576DA68083289417F0A1A25911BE1
BLES02023	F0D6EB35D8391BE2546AF3795AC74FAE
BLES02026	50F8D84CD56420F46A1E980A3B90A431
BLES02028	2159D1A8DDFF504BC5CEB96D6512D47E
BLES02029	A5D3E2877DDCABECD1482EE1A91F7DE7
BLES02030	90B8C074023B844620994EC0D6ECE2E4
BLES02032	B1BE91B073874AE80EF56937E44D8A23
BLES02033	FB35817D649152F16308AFB2FDF5AD10
BLES02035	F8DEEE15820A4F3B2FFE6238A586C56C
BLES02036	A915F38D2325D25CEB3485DBD2CA69B3
BLES02037	2F2B545FC384B7883151BE7EA282E928
BLES02038	5A413301DDA48ED667A2E2905951829F
BLES02039	CD0F65473C4F3F36F6AFDA254D66B2D4
BLES02040	0655F855B47CEC730848740942DC1C15
BLES02041	C3BA960E0CCDD8C80ED5FA789855C94B
BLES02048	3AB4317684386CD5672D9B46FBD29147
BLES02050	E7149670D2FE4DE6A98E3E5B631CCAAC
BLES02052	51A93BE7F8A495E62E647DF331B00180
BLES02055	8494771F3BEA8B1EA59225D7D8D24797
BLES02056	435EA7FDADF62996C9C70DF0F4923890
BLES02057	3441323E32BD56AF2514020291AB0EDE
BLES02058	DEF8560A2440A3C49A53F92D935D5F9B
BLES02060	E5530501DAF7AD9F1B885D204B187A14
BLES02061	DF9504E840B6E5E89823CC0ECB1D61F1
BLES02062	7958B038D5FE51D6A1C1BC16DF1C3608
BLES02063	D0EDC4A8BD2C97322B175B72536E8AB6
BLES02064	0802617B9E44477F0EA031D3E638E40D
BLES02065	5083655B66928E444D7CF824E495FA2B
BLES02066	1DDEA695CE2634E81D4B41A34F7A1E0F
BLES02067	1D6D2E48B3FEF7515FAFC8328A32B716
BLES02070	1C0FD17A9C51710C645C4DEDE9E5198B
BLES02071	930D9B490854F0D2E5A8F65DF34599C5
BLES02072	28EC5E67E46187CB074C1D1D0CD61713
BLES02074	D8C90C411AAD470F9412093D13525979
BLES02077	A7BC5E85127197092E9A28E0B19CAE44
BLES02078	F30DDF9C75C0D99FD4D860163973DEE3
BLES02079	BB66FA4DB84B41BD334FC40971989D8C
BLES02080	32CC734E591BBFBF8083ACF8BE5CD2D2
BLES02085	8DF3A1F0829BCE3ED6CFC33BDC9087BC
BLES02086	7B0B3D1C0B321206C688FB84A22A3489
BLES02087	47466CDB6F8C2CBF1FA095F4AB2B9700
BLES02088	0E62782246CF3E6D97C9D8C3A8F9CFA2
BLES02090	6DCF430CF806E2E07037A0F271D849EE
BLES02092	A6D501874C23BF30154111B2F0ECB7ED
BLES02093	1FA52C9D723B787063EC14A72A427ED0
BLES02094	5FA580BAA29C2FF46867EC3ABD91E822
BLES02095	9270342497A18EF7D6C627FAE2E13480
BLES02096	1E9BC9A127774BB53E53569C20382A03
BLES02097	F6DEA25D040038F1533CC7F53DA67E19
BLES02098	51E8312A3FC0BD79E287CD8D21002333
BLES02099	E8E4082E9FAD1F3EDEE95662DECC9CDE
BLES02100	A786E8441B05D9BE20746BE6869E513E
BLES02101	D9F030BFC31C28456C47C7B06F4B3AAB
BLES02102	58FE381B4AF475ED18C3E237FB50EEF4
BLES02103	AA378C7C839A970F8EC7B04896A6A949
BLES02105	223D69AA7CD3135E69EA4A10FC107295
BLES02107	48E1B5236DD4AD0451A200ACEBF0E33B
BLES02108	EB2DE564B074CAEB160676697FABC171
BLES02115	597FFAD0BABA05D6BF02C254C510A9CD
BLES02116	379AAC3B993540D0B773CE4B535BD930
BLES02117	CBF846884E23264ED37A1E03AC51E277
BLES02121	05EB0B7ED59181131CCA060EAF51A3F2
BLES02122	B897ACBB1BED5F5E371506795CCA5186
BLES02123	ABB1C59A0B1B56252A6846BD73866112
BLES02124	F994F5A0D3F4D4B124056A1DEA42CE84
BLES02125	93732843543D7EFB1BBB0C66965367E9
BLES02126	4D15CA8F83951364864FE95214ECC54B
BLES02127	00DAE1AEB7C2B7C030D9871308D5C511
BLES02128	2BEA607204071670BAE8C484BA194D87
BLES02129	B398A6E5FE05B4495DE7CA3337546129
BLES02130	20717C79C60FE337565C284E3409EA01
BLES02131	6BA8ADB5645E6E3F8149513F8C2B20D4
BLES02132	2B77D7E370F2D69D0C041F3EA20B1D45
BLES02133	4AC874816A4BE001CF53BD61F3081A2A
BLES02134	553A5BB71577DF10CD5A8253EB3CDC0A
BLES02135	EF44390B39AFA0B35075B18C57A5266E
BLES02136	CA11896D81F8EBE1F0828C1A229CB3B8
BLES02137	B9B6E1740A64B5BE77EBD0B8C552CD40
BLES02138	0AECC5C23EE4506B89CA155DE9EFB636
BLES02139	C532577DA29090CAE796E50F5ED5CB7C
BLES02140	923DE3D02920A5453A2288BFF3F8DA43
BLES02142	EDF4D54CC0DF148208AA6CB07334AF2F
BLES02143	45B7D946B50CF12A0253E2B62B240B7A
BLES02144	8ACF12728320750ABED5E2A1632CE70D
BLES02145	0D7E91F9BC50C1FA29C2113D8669FC97
BLES02147	DC150766C649F83772A280E9848D604C
BLES02148	0B4CDED5DC5A6114942E3D69C8B60A44
BLES02151	EC4C95F53FD667E5611D85EA99F13351
BLES02152	9C435D3070CC5646012302D970FCADFB
BLES02153	7032157D34D1F8A6CC614A3FE37D6DE3
BLES02154	93CF9AD11D0A5828EEA76B877A79EB16
BLES02155	8E81D3B8B1C9D42CD9BFFD217654F8F4
BLES02156	F08467120EE60704CD254946D4395466
BLES02157	16FA73A167FE32A203D8645DFE6DDAEE
BLES02161	641A3FE23F829C00BD6512BD1C6B3A71
BLES02162	DA9962F73EE09270459089B3C7083AE9
BLES02164	493F22C7650239F05D83357ED8D2155B
BLES02165	6AB9DB053586F2A8E4D07FC46BE2E761
BLES02166	1CB30B753AC2B0763588DAA9EA29BB50
BLES02168	EF049048CBEA0C409DC937251DA45827
BLES02169	E58C335BB73386FFF95D90F2B2CEF024
BLES02172	24E5E75E85C38C3E4B637409B86AA115
BLES02173	0B313C3CAC6B2379A4A5A629125D4503
BLES02174	A06CBAE757B03A37EE303C1F3E419D6F
BLES02178	120EF567A5CE34A7235D993CA8836332
BLES02179	90A1C1A6EBB423DB7ABE2AD874CE51F0
BLES02180	AC2C2B70F6234B2080B5C45B3E20023D
BLES02181	FB6B90C19E0E8AEF2853B8A368FEDAB4
BLES02183	1765DE29550A582480840FA739DAE198
BLES02185	920320EB0AFF9C5C8844348D32C03A06
BLES02186	CD051E92C752B930B6D5B9ADF191699A
BLES02187	5E0B5DA144B63A4EB14F3F625746C36D
BLES02189	77E1AB5975F00380F3CFA21691E6EF80
BLES02190	5B14DDFABA2CEBBB447C0AB37015EDDA
BLES02191	D0538200578259267DBF0C2BCBFE60E2
BLES02193	50A66926FB3D2FC159A4191D625EA2FA
BLES02194	26C9C391A11B2D54987A1FE238D4D62D
BLES02197	19C13FF11DF06940181C7FC7C6778E28
BLES02198	46ECB3154E2EEB59054DA4563471C5C7
BLES02199	D97C2E315297EF2C8559A98BEBE66A85
BLES02200	6094F0FFB21FA0D09E1260E98500294E
BLES02201	DEC72D2931AA49350AA1EBC14907D5A3
BLES02202	E0B82C73A9F5357BAFBF4C519A8CB241
BLES02203	8C0C5D5EFAAB2FE4C9B74406B275DA5B
BLES02204	AFE214465CF4F6D7CFC5D41C41E94942
BLES02207	E63210926615D16FA1CAFE160D7E1DB3
BLES02208	6555140EDF9BF8D3C30D2C155E152CDC
BLES02209	7214728414B262D9D4DEF8B8A11EBDF2
BLES02210	1AAC48E52D573C390950EF2CAADB043D
BLES02211	4D2703E1254882E5C207422A5C5C0128
BLES02212	155D4B36560AA55B89399A439AA406C4
BLES02213	8F7D96D5B064376E8AF18AA104E7DFAD
BLES02214	5D5E7981C6AD6B8F2DC5E540714AF417
BLES02215	C3BEB031C7589412958EC8E9129C022A
BLES02216	FB64F331F361C666ABEA702D7A0EBD28
BLES02218	9FBF2B3F377F5A0C826B5E0673B9547A
BLES02219	F5AEE3CB573BFC8C1D348DB6BDCEA196
BLES02221	6F662AE070387A248B5CE11C0A2B1997
BLES02222	BEEBBA7FDCA32EB66CE4B74A3C5EEA5B
BLES02225	31E2EF25AA1D52B2A8DE403CB9259EA3
BLES02226	358765E3BAF078052E33DF597E84F6E0
BLES02227	59AD8CE9D34D01890299291E89AD5978
BLES02228	D6645E47A3A9EAF7AF4671C256E49880
BLES02230	6931225AF45D080B3F99F95ACC2F5F04
BLES02231	1418D5C1F1C2FECFE739DC3A7821E4FA
BLES02232	893873A3190AA8E0CEA07E0EFFA53BDC
BLES02233	CA74521AEFE2341A2E7F0DA1BAD793F0
BLES02237	737E8953354596D13D7E03EDD35FAD03
BLES02238	7D6494008AA0B08E315CE73C52BE35E6
BLES02239	506F1F446C212DFA27C8CB613518DF21
BLES02240	4F5DEAA10968DF171D5BF925BCD1AC83
BLES02241	D583E8129A75A5DA2C081D32D0ED23BC
BLES02242	FFB1FAF75C400CA0461E40CDEFAFBE8A
BLES02243	5557EC839531019A73C2DC1476B0F5AF
BLES02244	436C9B16718D0AE7F14980A4F827C6BD
BLES02245	DF99240273FDF7B1BD644CBAFA1CC83D
BLES02246	32857384BFB31FA03AE2C457F80343B4
BLES02247	BAB68BE08ECCBC76C510F769B60044FE
BLES02249	336DDAD0644790DF452A2482FD8A1592
BLES02250	844FD09E1337B4CF13960CB5D54CFC66
BLES02252	7407913A2BE38B427639DE20F378B890
BLES02254	A2FBB672420912F6D948EF29F038D246
BLES02255	4DDBDA8DDBC39E736FCC73B07EBE1B79
BLES02258	96C60D07E157986586985F683ED7505D
BLES82001	10F203245D5715CDEC04D54561C9CEA8
BLES82007	67BF48F2C18EDC8182C72293C8A947D8
BLJB93502	E38A28EF0AEFF617ACC330ABFF057C5B
BLJB93504	9BDAD57913F7D95AF58925DEC93A0E3A
BLJB93601	CF76D16B5ECA9ED7EB54889C9C30031C
BLJM55002	2C2AC6085ED5FD26E941755AA890634B
BLJM55003	E71E881DE892ED6D1F37C116D00C5C82
BLJM55005	0F459355BA739B991B38EDD4160D615B
BLJM55006	EDE56DA9579FBE46E0CF59C16E39809B
BLJM55007	174F3D2A7C4C149E1DFC38CDD650D810
BLJM55008	44A832F6C6AF613848773574C55BBB26
BLJM55009	2DD8137F4EBFBF82B28E68154767B9E6
BLJM55010	E45F8DD8F36AA16D249D06C68F14F754
BLJM55011	A693EEB2ADDD706BD3CBFB3BAADCBA10
BLJM55012	7693EF5BA8639A308DEA5A19588D30F3
BLJM55016	9EDE7FA6760640FF1C86043025FF7022
BLJM55017	E45F8DD8F36AA16D249D06C68F14F754
BLJM55018	992C879319A1EDD7057DB82BFCCCBE08
BLJM55019	D618ED8E64058B864B41E9CA4D9E4114
BLJM55020	1AAF7B22DF7FB13404195090797B6106
BLJM55021	7D384838D923FC2C08AF550F8AB9691B
BLJM55023	7053402AFA9C4FAE5A9F5F20B1C66236
BLJM55024	31A798C046ECEEB6A10A9F3EAE2A66C7
BLJM55025	EDE56DA9579FBE46E0CF59C16E39809B
BLJM55026	7693EF5BA8639A308DEA5A19588D30F3
BLJM55027	44A832F6C6AF613848773574C55BBB26
BLJM55028	D7954402BCCBAF664CC6D1B8FCE341A9
BLJM55031	E7B7E12E332F37D3EE58432C2CBAC306
BLJM55032	7D384838D923FC2C08AF550F8AB9691B
BLJM55033	1E7FC204BB51EF3FC2F8A02A12884BD5
BLJM55034	DD848B779DDAE4A0CFB1A4FC078546BB
BLJM55035	6150DFDBB89177DF8C1B945458088E00
BLJM55036	18FFBB1D7BE4741C4344F41CF1150D41
BLJM55037	C28D07A269FC658FAED6269F36331EE5
BLJM55038	ACF0E350D250BE750782C6BCB3CA8529
BLJM55039	992C879319A1EDD7057DB82BFCCCBE08
BLJM55041	E5CEC764A6D11C80272030A938CE3CC2
BLJM55046	3EAFC8FB4D5727D29B9BF8B513993395
BLJM55049	085FD085F8C3CD4EBC78110104095842
BLJM55050	E71E881DE892ED6D1F37C116D00C5C82
BLJM55053	D06D1DEC43C1B109F82CCC40A147C669
BLJM55055	43C4B1B0A4D18991ABA5AB2BD1A59FD1
BLJM55056	3E26AA5D080C9FAD202BDCC84E0657D0
BLJM55059	D34AD8E071001FF130F8926793F2DAA0
BLJM55060	E1D5C61AB351B4F5B51CF654CFC0A73C
BLJM55061	9005465887CCAD67B6A293AF0BF10340
BLJM55062	C4D3DF80AD122B40618DEA6D890C549B
BLJM55063	43ABBD75A9EA3251CECA28E1BAB43259
BLJM55064	7E53D1087DEB8B6EE9143EA8C7CFF6D0
BLJM55065	0E89511CF9C32A3D730965D8FFD01FAF
BLJM55068	5F6C62F156E367058EE9F1474B78E013
BLJM55069	164219B53EAA5005E1CD1A225C37C661
BLJM55071	8BD0A947072DD80766CE4CD46770A061
BLJM55076	0BAA1EEF73141A40B5A1000DA51B29A0
BLJM55077	0E89511CF9C32A3D730965D8FFD01FAF
BLJM55080	413DA03C55965B8C6FEFE896670536FB
BLJM55082	CF5B73B5AE285C95553B86CE49D34B57
BLJM55086	E6DF489F7961EFF1D7B275E75F44CB63
BLJM57001	BABE2B98B50CD9ECA9882E8DB71654BA
BLJM60006	9FB4808EC2BA7CA70B36432240949D82
BLJM60007	C7D73008AD71D714A793979CC129B2E4
BLJM60009	E71E881DE892ED6D1F37C116D00C5C82
BLJM60011	A72A7E99AAB9DA861AEC5C77A82474E5
BLJM60012	51CECB86B97C76B9440715F3D118551A
BLJM60013	6F63B05C0F89ABE4645F9355D6324C67
BLJM60014	26C070D14D8461C75FB30CA9D16D3F3A
BLJM60016	1C90409A716430063A04468DD3690D96
BLJM60017	6B3953D7FD8E0BA1BFAA2DF8F3035519
BLJM60018	BD7B4CF88968A54BE7242F56E78DCBE6
BLJM60019	0F34D25291534E349F3DC722A1CE974E
BLJM60020	30ED82C2D4CCA3BC3F301CE53A0EE5CB
BLJM60021	594873A9D714C3A0F6993D2F0EF0C701
BLJM60022	6441A38424F9FC787D032531C8260335
BLJM60023	B0E8A2C84FAF941ED8A92154A16E65D9
BLJM60024	8140DE07FFC767D6CDA5C3E40F455751
BLJM60025	A2CADC116CA4774D4D95F02C6161EF16
BLJM60026	2D2AE6B1E5A152835E73D166EDB4C6AF
BLJM60027	31B612337A10E92AF1C072611D636458
BLJM60028	2C2AC6085ED5FD26E941755AA890634B
BLJM60029	BC45718F39D0854CF3A2C23A8F7617BF
BLJM60030	6729CAD7EC4CB068DADEA17714ABC1CE
BLJM60031	0D15F97C60FCC5912098FD8423574E58
BLJM60032	C099E34081065DE846FFEDE2AA48D042
BLJM60033	FFEBE2AD51208D37C021FE2ABFFCDF64
BLJM60034	6754DE59873BD657E08D6C7395D3E850
BLJM60035	21EEBE5E099D556E1EF2DA6AA26C22D6
BLJM60037	4B9F872DE3A14CCDD228F348047CF7A5
BLJM60038	08780854EC53936B843EEA7908E3CAC7
BLJM60039	98ECEAE123AB256217584B2CCB02E0CD
BLJM60040	671B53147EAD9710BE321F0EBE0143F1
BLJM60041	2DD8137F4EBFBF82B28E68154767B9E6
BLJM60042	DFBF4CF46ADE4CFF9F2EB0F483DC5D0C
BLJM60043	5EFAEB6EEBDE0D3B716584B966DE8283
BLJM60044	26C070D14D8461C75FB30CA9D16D3F3A
BLJM60045	BEEBE2A8666A08B6F94806C66F451D30
BLJM60046	B42A8720C0A0587CF8300F8A528E96AB
BLJM60047	B59A185491A82D275278F50405E58962
BLJM60048	829570E0771BABA946B22161E407DBF5
BLJM60049	F41FF2DD8DF995F7C2D958A6A34F45B9
BLJM60051	FD4743AA059473FA0041C4FBAAF7DE55
BLJM60052	0311CBEF66D5F71CC7E33484C701EF85
BLJM60053	82649E010C0549279E54AAB969F29DAF
BLJM60055	D7954402BCCBAF664CC6D1B8FCE341A9
BLJM60056	E45F8DD8F36AA16D249D06C68F14F754
BLJM60057	BC37EF713131A409BFD5760798FB0B6F
BLJM60059	B418DE12A0DF15870A00E402561CF8B0
BLJM60060	D49DBB121A4694FA2AE2741D445E7A59
BLJM60061	174F3D2A7C4C149E1DFC38CDD650D810
BLJM60062	D0EBB6E88C820D149D6850ABD155F478
BLJM60063	64E47656DD4F569717B6F656A4336EA9
BLJM60064	EDE56DA9579FBE46E0CF59C16E39809B
BLJM60065	109258736CFE114F8A196B63C22833E8
BLJM60066	881E497C6BF90F20284D417B370FAA90
BLJM60067	AE164E7EA6310085AF340458ACD6F3BB
BLJM60068	B694C96194486990CBD1A678C6247251
BLJM60069	BB598128362761E7329681D79D57AAEB
BLJM60071	C355171EE3099F246F28D9BEBAD6371C
BLJM60072	CC7E7AE3FDA974F837F14315AEB2AE0A
BLJM60074	8A3C9C18CD73F7FFF59B72BC808E0A29
BLJM60075	2D422243F67BD13F2C52BB11BDA7B11A
BLJM60076	40D5D1C8CEAD772EA9B06860AFCE5A76
BLJM60077	DEBDF52EA336E58F1A0A72388C0F8861
BLJM60078	982BE83AC39B1705EEF16016E228D406
BLJM60079	4C4B42F3AA1C9D139F62C0273236F759
BLJM60080	14CEDF5762F788DC5DC87FA1D403D2D7
BLJM60081	109258736CFE114F8A196B63C22833E8
BLJM60082	7B7B49FA362B92F62C679381B990A8C2
BLJM60084	3D03CC82ED5935FBC75140CA586C7BF1
BLJM60085	D9A2A10693361B2213DAD08B94809502
BLJM60086	CCCB1CB7F2295978AEFFE5CFFB6ECDF2
BLJM60087	B4BAE37E07908EA92E96B32CA2E72DA1
BLJM60088	45BD64948D57B8443DE267EDC3AADAF8
BLJM60089	D3F6A182E70519C1D8A87BDB80D99C77
BLJM60090	8475B0322A2147E096C6FD79873AE1FB
BLJM60092	30ED82C2D4CCA3BC3F301CE53A0EE5CB
BLJM60093	A693EEB2ADDD706BD3CBFB3BAADCBA10
BLJM60094	DE072D06C1FDB02719C341FB6BF6AD9A
BLJM60095	C1DC4F25FE0C6995725329D97B69D949
BLJM60096	657DBF79D73E5D103BE3425FDF3F713A
BLJM60097	C94B3897D36B6A0A4E26A2AF32FB9CEC
BLJM60098	6F80E14DBE75D75AB69EA2D909C00F1B
BLJM60099	53E91738353AC7FEF260CA1314CC5751
BLJM60100	AA71C8EE3ED67C2569103572ACBB6CF5
BLJM60101	0E56C1372F2800E406B933078CAB8722
BLJM60103	9E86997A4664A64557413446B6EF0452
BLJM60104	26D834FCBCB038B273BA36480A63B5C7
BLJM60106	556B6B8337AEBB3044F4EE8D391BD493
BLJM60107	94DA97591F5C93F58394775899E21475
BLJM60108	0001B25FC3760B0EB47725762B5923ED
BLJM60110	3BE3F0BB164A52ED234F94A5BEF13D60
BLJM60111	8D691BF9101ED9F477E648BF9B6FBE81
BLJM60112	997D17D1FFC21D5917B486FB29BC12C6
BLJM60114	C8DDB97266798876060CD1B6DD6BD56B
BLJM60115	1414A56A258399FD29775325F4DEEA9C
BLJM60116	48BEB4569EBE5B15E2DF15FAA9311C64
BLJM60118	86DFE18E99A89D238EC6A6DD7BF8AB07
BLJM60120	556B6B8337AEBB3044F4EE8D391BD493
BLJM60122	36AF3D53D7EDE0348EEA4BD67CCD7296
BLJM60123	6FAF864E27A3458077DB4EA59BF3317C
BLJM60124	5104811E59A862E5CFE71ECE71FD0693
BLJM60126	1AAF7B22DF7FB13404195090797B6106
BLJM60127	265A9EEBF85C26F8B6CB7B434EDB5CB9
BLJM60128	FED5E931A33ECD5642087E5823355CF7
BLJM60129	49D8989DE8644DEEA8B745BF4BDD632E
BLJM60130	AE01F2F0A09622B8E991058A71CC62DC
BLJM60131	0A4DC47DB9EC108E4C1A881FF248275B
BLJM60132	B88BC4C609CCD38111C568616A1CCDEB
BLJM60133	AE98BB7B669FB2FAE9A2E5817CE71132
BLJM60136	FED5E931A33ECD5642087E5823355CF7
BLJM60137	B046F469FB735B7F8B07B1A867AAC4FA
BLJM60139	E7B7E12E332F37D3EE58432C2CBAC306
BLJM60140	CCAD5D45165D38FF78B62DD64FB7EE98
BLJM60141	21BBBFA0EE0BD5DD9AFF52FE54AA2857
BLJM60142	BB598128362761E7329681D79D57AAEB
BLJM60144	8FB860B535D9CDD225B0FAE3BE68E67A
BLJM60145	EAC12DF13A0303B3CFD4732C70A1CB08
BLJM60146	11CC9B16760802FA9D9DA906359973C9
BLJM60148	2B51130363F00039BD2497E8ECF3FA8A
BLJM60149	C18688EB05732E048BA57C7AAEF9FCCC
BLJM60151	08780854EC53936B843EEA7908E3CAC7
BLJM60152	30A84C05C8B0F10705573F85B82CB013
BLJM60153	3E5E103F98FD77E14001AB32D49AB2C4
BLJM60154	2F85B668234375F311063898D3EEE72B
BLJM60155	6694AA41C0273655BBF3EAB107E3F8DF
BLJM60157	51FCF4787286BB827DC887ED9A845C3B
BLJM60158	C355171EE3099F246F28D9BEBAD6371C
BLJM60159	8A3C9C18CD73F7FFF59B72BC808E0A29
BLJM60160	A06D0BC39E4F68CDC068C99AAF384439
BLJM60161	2ED90FDBC24F3AC869CC88FC3220195E
BLJM60162	2ED90FDBC24F3AC869CC88FC3220195E
BLJM60163	D4085B9E0F36677DA89113C52EDB3C9A
BLJM60164	172AADF802064F70D7D9CF1642DFCFC3
BLJM60165	BC079866AEB03BC8F9B8BD6AC7CE2C9A
BLJM60166	BC079866AEB03BC8F9B8BD6AC7CE2C9A
BLJM60167	F29D18B41C41246D6D75954B2A38C3C0
BLJM60168	3E04E56ABA6C3C081CFF54D8EE230948
BLJM60169	A781D1758BCBDE83A0C63CEB66560826
BLJM60170	6FAF864E27A3458077DB4EA59BF3317C
BLJM60171	97528D842003332BEE0896416068B486
BLJM60172	073501CB56EDC92724367FE40E3E02A7
BLJM60173	D88A23B85990723C85367C15325D23AF
BLJM60174	9EDE7FA6760640FF1C86043025FF7022
BLJM60175	9441589DDBCB1B2D2EAE79B095F86536
BLJM60176	FCABB21B5323CA856D0B27871734DC37
BLJM60177	7053402AFA9C4FAE5A9F5F20B1C66236
BLJM60178	418B70567EEB32C146A5BD1C063C4E65
BLJM60179	BAB38C4741346915B1FCC48D56C70309
BLJM60180	B711766A152CC9DA8D0E4E6A89F3A926
BLJM60183	A07CF73B926B6A69AFF17C27A4F106ED
BLJM60184	0A4DC47DB9EC108E4C1A881FF248275B
BLJM60185	47E3600368ABAB74C1FD2C0DEFA94740
BLJM60186	54D23E8C10313C37B64072ED919D4747
BLJM60187	3D2DFBA41374A46BFD15AF7A9D61F587
BLJM60188	49D8989DE8644DEEA8B745BF4BDD632E
BLJM60189	4F60E763ED870444A07DE963DBE23E8B
BLJM60191	75BE18629FD4312DDD8CA9F0C094AA5F
BLJM60192	8D691BF9101ED9F477E648BF9B6FBE81
BLJM60196	9832B3A072C0AF3BD3769FF5DEF124B4
BLJM60197	698D92CF89656F93AA6DDC6A89E8C267
BLJM60198	17BE8E0295305681692DCCCA1FDBF179
BLJM60199	D618ED8E64058B864B41E9CA4D9E4114
BLJM60200	44F8224B729EC7BA9E5DEE4F0452EF91
BLJM60201	19F2E050546C0239FB72007DE88E7796
BLJM60202	C409E1C1FA46D3847F882FADE819CBA1
BLJM60203	18FFBB1D7BE4741C4344F41CF1150D41
BLJM60204	AF390699ACF46EB8DB75434D27EF5E0F
BLJM60205	DF3724D061F93D977A0C6E2B2C3E126F
BLJM60206	EF053DDE7F43262059370BF221EE4078
BLJM60207	CBCAF225858E5A90DA08F5D85325DA94
BLJM60208	35371C6683F2AC8B68EC194AF2C0A5F3
BLJM60209	D5BDFA7C9D93F3C90E8B1DBF19D2D3EC
BLJM60210	0FC5D6986FDA00EEB8DE597FBE3575D4
BLJM60211	DD848B779DDAE4A0CFB1A4FC078546BB
BLJM60212	A05988A6D900854B09B132811EE00FB2
BLJM60213	51FCF4787286BB827DC887ED9A845C3B
BLJM60214	33EFB0DD9D8D4778C9A58C9035835ECE
BLJM60215	9F9060F731A73C10FF7DCE6FFBF41CF2
BLJM60216	27DE7311D8B0023733ABA1AB4F1F9C05
BLJM60217	08B77C64F93AC83B308C9327CE359072
BLJM60218	1E7FC204BB51EF3FC2F8A02A12884BD5
BLJM60219	4718169518FDA37159A330205CC02AFD
BLJM60220	722BCBBF3D54963A5BA379D8A066490F
BLJM60221	6150DFDBB89177DF8C1B945458088E00
BLJM60222	53D1026FA602C33F5EF3C1ECBDCB13EC
BLJM60223	81B47B93B4413A14F7673DB4CA59A081
BLJM60224	1DE4700335C4D31A08AF7656D2C252F4
BLJM60225	8FB860B535D9CDD225B0FAE3BE68E67A
BLJM60227	EE126BA4B49AC35679EF27FE910E22E1
BLJM60229	8D207DD9200D523C4662B7C0C3276D67
BLJM60231	A8173D13EE5CA308692FC313F5F6D9D9
BLJM60232	4381B590361DCA2CCDE2ABA8671EEA4E
BLJM60233	96F8047E38CEE3B8A57AA419DF7085FB
BLJM60234	C4BA641A89D4251E161F6606A9267B38
BLJM60235	BC0E9EB2DBBA1B03FE083BACD8550A10
BLJM60237	94CD42ED51991B11A644E45DD10CDB1F
BLJM60238	94CD42ED51991B11A644E45DD10CDB1F
BLJM60240	A917445B5599A2716713252B1313CE96
BLJM60241	31A798C046ECEEB6A10A9F3EAE2A66C7
BLJM60242	31C96C848D2C574BA0B7FD084160B00D
BLJM60243	0B198348D95997AC261CCADF0A069043
BLJM60244	6DE1D34564918E84A5D40710ADB73B26
BLJM60245	61FBCA9735755D80530BC4DC0C6A9D6B
BLJM60247	8A073D251F8627FB750EF8971331EB4D
BLJM60248	4FFABD663C357716D8D6A55130D7E385
BLJM60250	7A359276E54FDAA9130D55C67090F983
BLJM60251	DFBA20459FB7F04F703F9210C72A23E4
BLJM60252	2CAB2B57D1F24EBB5E9F6770CE9632C4
BLJM60253	7AED37D0CDF8646F7A984563734FFFCA
BLJM60254	6694AA41C0273655BBF3EAB107E3F8DF
BLJM60255	00FE6D03EEE4A138677FC2DFCE498E67
BLJM60256	F223F43A42D4EFD206F1FD7B6D2915A6
BLJM60257	E91A78D96B2C5EEA726A9B24C1266671
BLJM60258	72B674F0C04E6A16EF7B673FBE3CA6EB
BLJM60259	089080462F9ADC1AE1274326ED490A71
BLJM60261	97528D842003332BEE0896416068B486
BLJM60262	F29D18B41C41246D6D75954B2A38C3C0
BLJM60263	DB9491E0E9BB86EDBDA7741F2F599EDA
BLJM60265	3CC0768382F64E8943C3A8A4BC31A372
BLJM60266	59B8F043790FB207D30EB875138A3C1C
BLJM60268	77D68E9DABD21F8A1FE401294FD39BD0
BLJM60269	75BE18629FD4312DDD8CA9F0C094AA5F
BLJM60270	FBBF5E63AAE7D45671873CCE29DF924A
BLJM60271	6CAE2DDAFA015B6C1089EB97B4F9685A
BLJM60272	548294A591F6916BA47D21066DEF421E
BLJM60273	150C4BEC2E16AC178827B7597303AE05
BLJM60274	255B6E3BBC2A11023B4D09976798428F
BLJM60275	8E22863A1EA5EC11CF324A24E50645BC
BLJM60277	61D0571A6969369A89B73C88EB5DDE1A
BLJM60278	AC8359A126574563B7E0CFB015C481D6
BLJM60279	550F0936D35398CB6A6BD95513405E07
BLJM60281	51CFFB06B51D3821DE72DD71D72F3A7A
BLJM60282	EAE7220FA3E7C75469697B17CE30B8DF
BLJM60283	D618ED8E64058B864B41E9CA4D9E4114
BLJM60284	E81D06F225E8B675063E521D83598131
BLJM60286	A2BF391F0FCEE254A633F7A9DA2343B9
BLJM60287	453AB1307662496D0F635018B4BD87E3
BLJM60288	608BE0ED7685100DE929F51177961847
BLJM60289	774A9750E3C3EA2DD2934185FAEC27B9
BLJM60290	A07CF73B926B6A69AFF17C27A4F106ED
BLJM60291	B717658A12B77C99E282D5683BF665E4
BLJM60292	43165C0E3AAAC10FD20CBA150D0A079D
BLJM60294	1F57F881FCB4DDA24F8CB59525CA3C24
BLJM60295	698D92CF89656F93AA6DDC6A89E8C267
BLJM60296	B837BD2C8F6AF8AE1380324364F2CE08
BLJM60299	C409E1C1FA46D3847F882FADE819CBA1
BLJM60300	D62A216D69442F36F717714E5F3DCBF9
BLJM60301	557AED0746CFCC9EE5EA4751BF5C3EE0
BLJM60302	E81D06F225E8B675063E521D83598131
BLJM60304	418B70567EEB32C146A5BD1C063C4E65
BLJM60305	8E2C0FD905C3B238A431D9E49C0537A1
BLJM60306	2A4D0FAE6A1A5000253645AFD1374A37
BLJM60307	9537B639830A6C879047F45A7DAF9960
BLJM60309	6A9706CA6750B0A47938CF09CACD966D
BLJM60311	BEBE4E8A7A544C780AE199D1CD287B47
BLJM60312	14559CD4AA16A556853B43302AABEE82
BLJM60313	036674C710DFB92102A6A60698FDC794
BLJM60314	B588B5EA6205B5CBB8E3D9E67E92B503
BLJM60316	7A41AF2129459DF8069D1F358DF6A861
BLJM60317	FD483685AFF564CBB72AF242E2758955
BLJM60319	49D8989DE8644DEEA8B745BF4BDD632E
BLJM60320	FFD5D26FAEBF991F4AE45D6AD6F45440
BLJM60321	29537D27E7331C5D8FB42528F4523492
BLJM60322	29537D27E7331C5D8FB42528F4523492
BLJM60323	1BD50D84B66649F1BCA7757AFF87E7E7
BLJM60324	7D4A2DABE93E2E025C3CB75CA354128B
BLJM60326	201FE6539FFE42CA79723C2CAE085FCC
BLJM60328	858F360A64F7949F2D059E951FCA9036
BLJM60329	05F6D094853EF7C155C472A2C36989E3
BLJM60331	45EBFAE748AA7989196DFC18358F61C5
BLJM60332	2B1223DCD74F32AFA7BD76C7E3C85E40
BLJM60333	5F229D709B550F3B8E012ECBD2409449
BLJM60334	EBDA1FBF363E50586CD367AF5A257E2D
BLJM60335	69FA86BCCD1A3FF3AB53D4A42FD09915
BLJM60336	44F08D8DA3C200A421FE2ABA5FA12EF9
BLJM60337	48C2C310C05CFD57FD45DC5CA91C4CC7
BLJM60338	4F60E763ED870444A07DE963DBE23E8B
BLJM60339	81B47B93B4413A14F7673DB4CA59A081
BLJM60340	838F5C32328F00ADE25BC8A7DCB55F7A
BLJM60341	296DBFECB1DF4C0EBE973882C6D06BA1
BLJM60342	431E3F02FF6994BCAE135A02B307B464
BLJM60343	78A4F6A06E5CD4FECCFC154953A005B8
BLJM60345	08C6BB3432C4D1D15A27C00E7DC9D441
BLJM60346	A67D762DBAA7661B835C8D5190C2BD99
BLJM60347	F538135A57D32B3225CB69ABBC01D308
BLJM60348	E5CEC764A6D11C80272030A938CE3CC2
BLJM60349	458FA3F944E331063B8B04893BC04BBA
BLJM60350	795C7B0A2720B0D7056DDF5CA7AE817F
BLJM60351	43C4B1B0A4D18991ABA5AB2BD1A59FD1
BLJM60353	07865009B7897A4E3EA6CB8A9D9C98A7
BLJM60354	1D579AE5EBBC672D81D4D13C5ED715DE
BLJM60355	AD5AA27555DDE845503BFFFC9A355A52
BLJM60356	B300AD7B5822ECEAACDC76F53576E5C0
BLJM60358	682E38F0B816CACF50FA083F2D77CA6B
BLJM60359	0FD0B676AFDB36484E3F9BF9DA9D6292
BLJM60360	068FA47EB3EBCC4714506824679680BD
BLJM60361	92D1686E89C784D78F875585DBD61CBD
BLJM60362	0899CA9BA6F0DB06109E51B22ABE02B8
BLJM60363	3868B61D98AE61D3CF18277ECE8C468B
BLJM60364	18FFBB1D7BE4741C4344F41CF1150D41
BLJM60365	6033E5F38AD8549E09D3207948C11FA4
BLJM60367	62DC25A6AF0878F49D57252BAEAD1594
BLJM60368	ABA4B3C2B26CDD72D171F42DE03F2D59
BLJM60369	650B9C2E404B92E0A02E3D7531352EC8
BLJM60370	5D9D78FF4D84CE6FDD7DF37B303E69F8
BLJM60371	597A9ED7706351AB4F2E7043C0684090
BLJM60372	5F6C62F156E367058EE9F1474B78E013
BLJM60373	FD5E27D64351BEB05F4CC2A9234D6A05
BLJM60377	8A073D251F8627FB750EF8971331EB4D
BLJM60378	7EF4997F956329233AEFB30C3C506869
BLJM60379	D06D1DEC43C1B109F82CCC40A147C669
BLJM60380	70D4BAC0C0350F6CA53A89DF10B6FE8F
BLJM60381	70D4BAC0C0350F6CA53A89DF10B6FE8F
BLJM60382	9BDAD57913F7D95AF58925DEC93A0E3A
BLJM60383	A5D963AB94DB7CDE39263CF97088E926
BLJM60384	C4D3DF80AD122B40618DEA6D890C549B
BLJM60385	A03828C2F108D5CEBF85CAB76D24F8D1
BLJM60387	5D6C0D1520149747B2640871EEA4F7C4
BLJM60388	D12E87B5AA7A145094BA5EB7D90E0166
BLJM60389	085FD085F8C3CD4EBC78110104095842
BLJM60390	67C5C36B439F93AD62961345CA176A13
BLJM60391	3845398986BD4FE7392AE778D0D05C7C
BLJM60392	2D8829E85FF066D03931FC2F602CE9E9
BLJM60394	E1D5C61AB351B4F5B51CF654CFC0A73C
BLJM60395	1FD99F9A0CF9A476AAD883FCCB52EFB4
BLJM60396	23859F07C3AD6E1EE355ABFCC1EE2A08
BLJM60397	A07CF73B926B6A69AFF17C27A4F106ED
BLJM60398	1C9714002EECBA7DEB5BE039E3CB1B50
BLJM60399	F7C2FDAF1CB7768314951BE50D8101BC
BLJM60400	219AD302BA8B85D77FDC6FBEBFA0D985
BLJM60403	817F6876B1FC7150C9B167C272128AE1
BLJM60404	BC873EE37BC833C7BF51DC4CEF0B673D
BLJM60405	164219B53EAA5005E1CD1A225C37C661
BLJM60408	303CDF21699C01BB8F323A9D76F73605
BLJM60409	72A51E3A67A86857130025763CDB7994
BLJM60410	F0692659973185E3C463A5EED766038E
BLJM60411	852D3CD578C292C7F71B4E8EE4E432B4
BLJM60412	40EBA4A19E3A738DDC6720171664C13A
BLJM60413	D34AD8E071001FF130F8926793F2DAA0
BLJM60414	143F3B22F5DEBC532B4B7EA110DCC046
BLJM60416	F4A6E54D0D8B6B0724214C91C1468410
BLJM60417	709362B1F363313BA6AA63CB53618F47
BLJM60418	398FF7F69B77978D87B3F096494F9CA5
BLJM60419	838F71ECFD0333C5BB331FF22C1439A1
BLJM60421	352FA3052EC913C3E865EDF6EA1D806C
BLJM60422	D596D2E470F8E18E589FE00193971E3E
BLJM60424	2965D39C6742A2143490411DB0349DA7
BLJM60425	38D888824C6A0CD61820097D58B67D91
BLJM60426	42C7F1C8A462C7657D1B3855CF921C0F
BLJM60427	8C5EAFE4C27714CCA2A335A54E0820EF
BLJM60429	4469A143046C7AF054E04B6C0D6DF944
BLJM60430	7CB63F5BFE8A117A6D902E56662C74C9
BLJM60431	C73BB5C0B7C1171477578808E8A82AB6
BLJM60433	7E53D1087DEB8B6EE9143EA8C7CFF6D0
BLJM60434	7B476AB95BF0420A14B06A0A7D3C8C54
BLJM60435	A05988A6D900854B09B132811EE00FB2
BLJM60436	4FBBB66FAC98DA117F7F623CFE0079B5
BLJM60437	B837BD2C8F6AF8AE1380324364F2CE08
BLJM60438	DE4BDF6C2BE8FCD76DEBD6DAAA9B67D7
BLJM60439	5AC4844887E75D0CC55A2864D3534066
BLJM60440	0D2844177D8C24957BE95F38D1E03643
BLJM60442	BF8065993C23524A326B0E6730C45A0A
BLJM60444	AD3A15EA655063D6EDD8CAD5CC17782D
BLJM60445	FD97A8251797BC5F505E2885B3227BA2
BLJM60446	21D3B5B86D56BA4A4AA904C9F5289E85
BLJM60447	2A1C4DF3C5DC44F693C17A1E9FA6989B
BLJM60448	F77210AB2A8AFAD9C6EF267849EEFDCC
BLJM60449	E1FA0C989169634351C46F71E7497A23
BLJM60450	C39171B3111048DEACE50A09E66C6DAB
BLJM60451	43ABBD75A9EA3251CECA28E1BAB43259
BLJM60452	7AED37D0CDF8646F7A984563734FFFCA
BLJM60453	A07CF73B926B6A69AFF17C27A4F106ED
BLJM60454	A9AD31FCD4ABCF1B687CC7446DEC8607
BLJM60456	7074C5B1E55EA21A4BD6EA880A4863BB
BLJM60458	3E93893B6ED27E949DD1542CD26FFB40
BLJM60459	BC0E9EB2DBBA1B03FE083BACD8550A10
BLJM60460	F883FC506BF87E94DAF802320BA9EAAD
BLJM60462	4E4BEC80C25EBFAAF7A6DFED14684752
BLJM60463	0264EA3FFAB9118808EA8AB7F8F7A228
BLJM60464	E33E92C5EC6ECA8873474512687A7FCF
BLJM60467	9005465887CCAD67B6A293AF0BF10340
BLJM60468	45F47D39437D338411F149304E26073B
BLJM60469	2C362CCC9E0D474AAA5ADB1A3A80D12C
BLJM60470	1BD50D84B66649F1BCA7757AFF87E7E7
BLJM60471	0BAA1EEF73141A40B5A1000DA51B29A0
BLJM60472	4A7A5E48979828EC209BA20922D51410
BLJM60473	C7D152C463BA106910330E12CD60BAD9
BLJM60474	D1312396D4D0ACCB995FC3BA33C75E41
BLJM60476	D1312396D4D0ACCB995FC3BA33C75E41
BLJM60477	92D1686E89C784D78F875585DBD61CBD
BLJM60478	150C4BEC2E16AC178827B7597303AE05
BLJM60479	D351346B631E64E6D61306C4EC6A8AB1
BLJM60482	6BA9A0160D8EF0799443B122390FFE5D
BLJM60483	D87AC4EE4C95477353B02A448D46E33D
BLJM60485	D3406F2FF15BDBC8C0B2F1E334AE5CB8
BLJM60486	2B40AB170DB4B7CFB2DF1A27613F2BDF
BLJM60488	BF391A65B8A0654E13C9CCB5BF4B9C3E
BLJM60489	0E89511CF9C32A3D730965D8FFD01FAF
BLJM60490	CDD870D0B7C0166BEB5A5B22A847367D
BLJM60491	1EF2BF41C95A58A192012320346C33B6
BLJM60492	1EF2BF41C95A58A192012320346C33B6
BLJM60494	D159A455D9BA54964EA8B1D1345307C3
BLJM60495	219AD302BA8B85D77FDC6FBEBFA0D985
BLJM60496	A76CA19D94F8B65FA77A2FBC717F592E
BLJM60499	7FA46C43680789072A0DB1063871A9E4
BLJM60500	8DA368B1DEC3016968DB179DFD1E1EE5
BLJM60502	323E360BF744D6655D90AA6A30420E26
BLJM60503	0CA98169EE4CD8761334FC5695C5B8BF
BLJM60504	5575BA15F6040E9EA8BDF2B24AC6D39F
BLJM60505	D6CE102812112C35237C3361E00EF79B
BLJM60506	1A5239B7D687B7891B0DF03500E3128C
BLJM60507	698D92CF89656F93AA6DDC6A89E8C267
BLJM60508	682E38F0B816CACF50FA083F2D77CA6B
BLJM60509	699FFB5C085F849E9083EFD9418B2DCE
BLJM60510	95FC3BAB1D8067BC998DD3B888829F5B
BLJM60511	43ABBD75A9EA3251CECA28E1BAB43259
BLJM60512	7E6A014B5D96D73C63724C3379DBB9B7
BLJM60513	2E9DF0E904581696841E4AAD33D17F67
BLJM60514	378400C61F515DC00AFC9227563664DE
BLJM60515	2EDEDC0763DD5E935C1BBC2DC718635C
BLJM60516	E65647DCF12F4C921EF3DAB129D45FDE
BLJM60517	C410455ECD79129A6E4D9E8FD51617FD
BLJM60518	8BD0A947072DD80766CE4CD46770A061
BLJM60519	F5A2E2A9C13D83C13F2E44D9C092E918
BLJM60520	FF4D317AD888C145582926F5BDEB2A87
BLJM60521	2453152CECBCCE0CF5F9F813D2D8AF11
BLJM60522	40A38BD81BAF2F6CAC4874942A8211AB
BLJM60523	49D8989DE8644DEEA8B745BF4BDD632E
BLJM60524	9A4DBE788B9893D9B1FCCA5DA568655E
BLJM60527	E7F358EFD452CF926F9A81AAEC7E06EC
BLJM60528	0620F6622B5FAFE6FC26EA919F40149E
BLJM60530	C3F8888149612CF90767F8891E376C74
BLJM60532	F0F364359A4E6D213E0D365BA1BAC8AA
BLJM60533	FCE32F2334E63CEA68E44BD824149402
BLJM60535	D596D2E470F8E18E589FE00193971E3E
BLJM60536	A2BF391F0FCEE254A633F7A9DA2343B9
BLJM60537	453AB1307662496D0F635018B4BD87E3
BLJM60538	23859F07C3AD6E1EE355ABFCC1EE2A08
BLJM60539	0C720B2D7D028D34CC0713A69C8B3396
BLJM60540	5E8376F0E7DEF0BF380E964BE193CE36
BLJM60541	473925CAA5794ADA8803CF30D8FDA36E
BLJM60542	27ACF011728EC6F93B238DFA557DFF26
BLJM60543	591B879E85FCE064B1E710D377F5EE51
BLJM60545	F8FD509BDD9F2B90EBEB49BAC69CB224
BLJM60546	900F53AA86DC1522846AD7DF1EFB9D4A
BLJM60547	F58E7A44A7E6FF30E8BFE165894A07A6
BLJM60548	F2CC58C4FF8C4E228D90A6914E29A284
BLJM60549	BA02BDB891865AE3BDBDA98FB50D39EF
BLJM60550	C8BE7989D5B52AE135D6D23384F66319
BLJM60553	3FBB1BBEEF6D61E3C931E41DA3BC0002
BLJM60554	ED3C261C99C3A20AB8162A3B389EECC9
BLJM60555	A151F89F2A13C4C164E0261108CA2782
BLJM60556	A151F89F2A13C4C164E0261108CA2782
BLJM60557	514F98F844C437A59E9BEAB7311084A3
BLJM60558	2FD3DE6A7DE315D03872278C7061E51D
BLJM60559	FA746C75D74C08DE050A46CF32C927A0
BLJM60562	9054099FBF345EF24E4411FDA2A8ECD1
BLJM60564	271FFBB3FD3855DDA0DA395AEDBBB473
BLJM60565	C4D3DF80AD122B40618DEA6D890C549B
BLJM60566	3E864EF6CD296C45E9EFB8B9388A9ABB
BLJM60567	F0AE07552D72A1B50A1AFB761CAFA23D
BLJM60569	3868B61D98AE61D3CF18277ECE8C468B
BLJM60570	C28B8D147EE9244BE74D6EB0344C8751
BLJM60572	167C79617B7E09B1CCF08FDAF0631A1E
BLJM60573	8ACD9BB545E2E2C29DCED8BBB344EB9E
BLJM60574	BC4917BE6226F5D893E95A2E3FC149F6
BLJM60575	C6711016690353B49623046562ECF13F
BLJM60576	4C6EAB0D484773EF2AF9C221897C7B72
BLJM60577	1C896DBD302B768308B34EA51F2F4C36
BLJM60578	E999E945C7F9DE5BAE692E2305CC2DD8
BLJM60579	BFB8B1AC7A1E508A87765CF0FA451C76
BLJM60580	AD98F79318889B97C766C1DE8729F1AC
BLJM60581	42B6C3DC14C801E1389FDA2A3C1F3912
BLJM60582	FC9ACF1915C6DBAEAA44794A69EB7891
BLJM60583	7AED37D0CDF8646F7A984563734FFFCA
BLJM60584	3B571C628C7A79CE37D0EBBE83DF08FF
BLJM60586	8AAE44BB9B7B06219DBBA5DEC5AEE9D1
BLJM60589	F5434EB91ED43130DDC07DA652D984D1
BLJM60987	3B571C628C7A79CE37D0EBBE83DF08FF
BLJM60988	C149FF885EAD05F7F74D84223F63B76F
BLJM60990	41ED7DE8CE2BE12B33431DACFAA62E61
BLJM60992	6BA9A0160D8EF0799443B122390FFE5D
BLJM60993	D9361D155C913DA85430F75A5640F0FF
BLJM60994	1D658CE85F23033BFC57D5C3F8DDFEE7
BLJM60995	7A359276E54FDAA9130D55C67090F983
BLJM60996	4A7A5E48979828EC209BA20922D51410
BLJM60998	7E27DEA96A62A3160B8578272C4F89AF
BLJM60999	F152C532BCDD601A1A49F316ED982434
BLJM61000	F126F0BFE0C3798B946C354A0FB03DAD
BLJM61001	3E26AA5D080C9FAD202BDCC84E0657D0
BLJM61003	D5547C5FF4C61FE22DCFDD4CD62F8E68
BLJM61004	A2BF391F0FCEE254A633F7A9DA2343B9
BLJM61005	453AB1307662496D0F635018B4BD87E3
BLJM61006	75BE18629FD4312DDD8CA9F0C094AA5F
BLJM61008	160E5421D77E15D4E3E45729429D9875
BLJM61009	9C4C7AF8A8EA4787DA447BFFF5D7EAB2
BLJM61010	6B451ED450E99F821DC4FCCC6E30F89F
BLJM61011	255B6E3BBC2A11023B4D09976798428F
BLJM61012	1A7286BC605EBE19DB3A2453B596FB2D
BLJM61014	A5101E6F65A316618DC89C9F4158E2EA
BLJM61016	7074C5B1E55EA21A4BD6EA880A4863BB
BLJM61018	DD5EB7D0CA74A0508AD4F5EA0190B61F
BLJM61019	4D8EAB87CE921E6F01394964790059FE
BLJM61025	26C070D14D8461C75FB30CA9D16D3F3A
BLJM61028	338218556DE27C3AD23F529353099900
BLJM61029	78C61F9F75147B8B40EE733F26DFC8D0
BLJM61030	0EAB45B2AC13FC3639C53A456F59EBA9
BLJM61031	43CD04689FE2031C5D543A3E6B4E9CFC
BLJM61033	0EEA7D855930163352414F8E2BC1B189
BLJM61034	3AE773409EABEE035E7180C924EB65DE
BLJM61035	42C7F1C8A462C7657D1B3855CF921C0F
BLJM61036	FD5E27D64351BEB05F4CC2A9234D6A05
BLJM61039	515683DF4C69B531FF237A8E7098A753
BLJM61040	60CA2D5CBDDCCC057F7741A3CA899262
BLJM61041	580845DC7DCC5B7B5741C76BC3426AD5
BLJM61043	952F65934CFD7B3E0C4AD47C24C02C73
BLJM61044	7D706B86F522F012C2F38340BED31FB7
BLJM61047	25037117CAA99897B966FC23136F4E43
BLJM61048	25037117CAA99897B966FC23136F4E43
BLJM61049	C71A7C974E48126E885F52B4930269AF
BLJM61050	D80026379B737CA1B70FBAB5C877918C
BLJM61051	2B40AB170DB4B7CFB2DF1A27613F2BDF
BLJM61053	7B476AB95BF0420A14B06A0A7D3C8C54
BLJM61054	AA55FF0C330CDA728EFE89B3C5128CC2
BLJM61055	E3F549CA39365859FD52382C33C18BAA
BLJM61056	B2F5486D816E1C302BDC9B0B92078160
BLJM61057	ED26DC9B8B74DFA80FA455EB6CC0997E
BLJM61058	378400C61F515DC00AFC9227563664DE
BLJM61059	1372230120D9EE5AF61BE41466FE66A5
BLJM61060	45D64C32E464ADB6437F8D2052FF71D5
BLJM61061	7AED37D0CDF8646F7A984563734FFFCA
BLJM61062	A07CF73B926B6A69AFF17C27A4F106ED
BLJM61063	53B10E6C0445F19F9D525459BA13DCC3
BLJM61064	B4359500DFB09D7B5D038034DA9CF1DC
BLJM61065	4D48840DE60B4E92A8CAF62C5B9E88C9
BLJM61067	CB9523877B8AD79DBA84AEFB80195D3C
BLJM61068	9922F4E37F25F07591FE1EB552767FBD
BLJM61069	DC9A8CFDA43EEC14688C0D671E86111D
BLJM61070	E8553C66C26CB549F0066EFDA3B97313
BLJM61071	ADA62B50802019CCE5486E5D29D9E7E0
BLJM61072	15062F8CED77AF161B28C70733D7AA03
BLJM61073	9BDAD57913F7D95AF58925DEC93A0E3A
BLJM61077	E04858A2D2B44742C3CC4443E2730028
BLJM61078	ED595C885C6B46463B4C01ED4F481BF9
BLJM61079	E8E7FAEE51A0EDFA8DB9B6F32337B6CD
BLJM61080	EA72AC4F12C3DA722F745B78B8C3DBC7
BLJM61081	473925CAA5794ADA8803CF30D8FDA36E
BLJM61083	83FDC43EC33F892EBD2A5FFC8144AA6D
BLJM61084	CF5B73B5AE285C95553B86CE49D34B57
BLJM61085	AE351816F5F5F0AF2C1E2AC35F5D2CEE
BLJM61086	9A0B342239F4F6ACB7BC5CCE2A335428
BLJM61087	DC9A8CFDA43EEC14688C0D671E86111D
BLJM61088	6C3AE4BE64964C2574B957E13FEB9090
BLJM61089	371AB6AB927B066CE9B2896683213389
BLJM61090	371AB6AB927B066CE9B2896683213389
BLJM61091	BE9A4558F2418D42E22413478A52DD8F
BLJM61092	9E07DC84E194457266DFD8A42EDBD89D
BLJM61093	9829A3BB243B92A7FC5F73261636A313
BLJM61094	3D2DFBA41374A46BFD15AF7A9D61F587
BLJM61095	2A4D0FAE6A1A5000253645AFD1374A37
BLJM61096	3AFF76EE2FD6A5C9B8E2D420D3D146BA
BLJM61097	069F039AC7D901346675C79E2D4879E8
BLJM61098	6EDE9849894B65900417488C67824C33
BLJM61099	F5A2E2A9C13D83C13F2E44D9C092E918
BLJM61100	F0E92E7088CA0B6DD388779D5D24C4B9
BLJM61101	87E89BD7CF67A398F8D3E27F5E75BD55
BLJM61102	EEBD04943F2F05E2BA2AD8EF4542D31E
BLJM61103	28182A62702704DB1598DD9A43AFBF8B
BLJM61104	28182A62702704DB1598DD9A43AFBF8B
BLJM61105	8848C1973D34BE8D882C2DD2336DE6C5
BLJM61106	339C03011D66282EE0B483CEB1CB11ED
BLJM61107	72315243C56192F63617DCB035488996
BLJM61108	9DF3EE372C9C101E2FA7A11B26902CA1
BLJM61110	BA02BDB891865AE3BDBDA98FB50D39EF
BLJM61112	D596D2E470F8E18E589FE00193971E3E
BLJM61113	D1E6A403FEF2360DE9B79EA40A8D5D30
BLJM61114	125255371810494BA63541C78F63D480
BLJM61116	A76CA19D94F8B65FA77A2FBC717F592E
BLJM61117	219AD302BA8B85D77FDC6FBEBFA0D985
BLJM61118	66FEE1E4CB7CB2E9D591B34464F41E0B
BLJM61119	873EA070FBC7D791D521838ED2AD1A7C
BLJM61120	016BEC0C01704B9FA167F3C147EA2479
BLJM61121	B648C2165D4F2A16F6359B94E17AA707
BLJM61123	BD1B026BA1E3D4F4E9CC7F58D5C80B27
BLJM61124	C71A7C974E48126E885F52B4930269AF
BLJM61125	0910B4658F38C566201D453C7E499E95
BLJM61126	CF1B3F85B8E5A7D03C2E31349B413879
BLJM61127	3B1FFF0185643E038C53C1D8E955D712
BLJM61128	AEA71694AD61974E4A67697CEB077056
BLJM61129	87F4B9E29BEF6FC90394582C4C40AFDA
BLJM61131	F125B20F16B9B1885C18B5640B500643
BLJM61135	CFF41179436D689BA93801675A00413D
BLJM61136	DB7CCAF3616558921B523198FF131982
BLJM61137	E37E8317E38C8CDB60674F054AAFD054
BLJM61138	A151F89F2A13C4C164E0261108CA2782
BLJM61139	FCC4F4C83644DDBD61B1A43E549B531B
BLJM61140	991C7056558A1146E02351160A202B7C
BLJM61143	C3F8888149612CF90767F8891E376C74
BLJM61144	E6DF489F7961EFF1D7B275E75F44CB63
BLJM61145	D7C908BBE73B476DD52F74FA223060D1
BLJM61146	C1BD77DFD2794855656F8A78FDA22E6C
BLJM61147	413DA03C55965B8C6FEFE896670536FB
BLJM61148	58C018DCD88981793255D369C7798BEF
BLJM61149	7817EC84339AFA17B1D1454AA3D28A3A
BLJM61150	F74272A84F58BC05BFBF82D47C72D140
BLJM61152	E999E945C7F9DE5BAE692E2305CC2DD8
BLJM61153	1C6F1B4CCFFBBDB57DE0F7E54740F425
BLJM61156	74B74F2C5BA413B609EFD3E74267408D
BLJM61157	10FE4610F828577D7A84532CB498E14B
BLJM61162	0621FC414E445E0ABB03C8F270BDB481
BLJM61163	022FFF48FC37036284DC4C5F23CF4510
BLJM61164	F0F364359A4E6D213E0D365BA1BAC8AA
BLJM61166	A14EAAF02FB447CC87D9A4B6C2B73395
BLJM61167	4543D7A9AD90E26AF3F75B5EF6658C4D
BLJM61169	1D57D651D0E98875A9BC83847671A684
BLJM61171	E65647DCF12F4C921EF3DAB129D45FDE
BLJM61172	20203B32860822317AF23601950CA8BA
BLJM61174	8CC934BB6CA29881E755DF10FBF8E74D
BLJM61175	B3DB91539629EAA641CE8457334832BC
BLJM61176	D39323303ABA7B2733CD88B3EF21C0D5
BLJM61177	1C896DBD302B768308B34EA51F2F4C36
BLJM61178	070E3B4CCB1F92C188B32887D926CCE0
BLJM61179	A715187C946F2A8A95CD46B903013E71
BLJM61182	4D8EAB87CE921E6F01394964790059FE
BLJM61183	86F5D03FF72AC866611946959EB73577
BLJM61184	06E9105362DE7D717D6801719494C205
BLJM61185	FA746C75D74C08DE050A46CF32C927A0
BLJM61186	7080F96239203F7490B0E33A2047C549
BLJM61187	9C0B27EC2CFA9BD6A5D24D27F73273B0
BLJM61188	FF47743F75B6B530144A38E048604A0E
BLJM61189	969E6393E581E35FC52C6D9EC82BA60F
BLJM61190	969E6393E581E35FC52C6D9EC82BA60F
BLJM61192	1312C02E9CCCD0C402C23076059CEEFA
BLJM61194	A1512B7C3CA798EF6021400D1FCC21C8
BLJM61195	D961B6ADA479EE144AF39496EE7A3333
BLJM61196	C4D3DF80AD122B40618DEA6D890C549B
BLJM61197	2366AD586B482374F3CB0E85FA0DF753
BLJM61198	3868B61D98AE61D3CF18277ECE8C468B
BLJM61199	6A1324BB9E1DB828E61AC0AC34DEA534
BLJM61200	780289F3DE541AA8295CD2A47887C938
BLJM61201	7322BF319F675667325BAF5694BBAA90
BLJM61202	EB9C60A74B767836CE89B8796CA2770D
BLJM61203	ABB46DEB425819C72D7161CD325680EF
BLJM61204	2AA8D48E9FC62E3E770F086F8F7602C9
BLJM61205	1C896DBD302B768308B34EA51F2F4C36
BLJM61207	20685BAC7B11493E2BE0BBF9D3EA5215
BLJM61208	686737DC887457F09E0C7DED402705B4
BLJM61209	5FB921894D3EC9FC207148FDAB434295
BLJM61210	03435114CCFE43B107445F9538ED1F13
BLJM61211	705F5E1F9CEA964D74996CAC34D580C4
BLJM61212	2AA8D48E9FC62E3E770F086F8F7602C9
BLJM61215	C6DE3F7BE4DA94277D00B62DC86749D5
BLJM61216	2DCFAB089B3C044B9F8585EE2CE16E45
BLJM61218	794DB454F8312B46308AC9F59F4FA27F
BLJM61219	988CA6FC2AE5097FC578D82B38AC94D5
BLJM61220	C72CAD9E6E1B2B065E14C67267F20B15
BLJM61223	F5434EB91ED43130DDC07DA652D984D1
BLJM61224	C72CAD9E6E1B2B065E14C67267F20B15
BLJM61225	95FD86B00C1B12196059169B48236BC8
BLJM61226	5FB921894D3EC9FC207148FDAB434295
BLJM61227	531D83912442B6C893F815D2944E93AE
BLJM61228	E5F18718443BD08851C596111DD8F2B0
BLJM61230	F2CC58C4FF8C4E228D90A6914E29A284
BLJM61231	BA02BDB891865AE3BDBDA98FB50D39EF
BLJM61232	0910B4658F38C566201D453C7E499E95
BLJM61233	CF1B3F85B8E5A7D03C2E31349B413879
BLJM61234	FD24AE18F9EE7F477225CE0CB405E67A
BLJM61235	0C597379EBE62204D19FE1CB7421CB8C
BLJM61237	321B9B59AB721A1CACCDA01749CE67BB
BLJM61238	60B129DCC9E63D955C5ABA0FC810C70D
BLJM61239	DD4AA2378F999E8D2696FCAB9627260F
BLJM61242	74B78DA5F3321BED515553D53DD824A9
BLJM61243	4FFAA159BF579EF8B8294C2A6D3BC531
BLJM61244	276488D7D7F9E25218A6DEEDD6388B4F
BLJM61245	A7BD2F4AFA035C1F06BEE33C98F62E39
BLJM61247	E75915BEE03987CD5C4C3F88845B79FF
BLJM61248	9914A926FF6CE6914AB41B4D82F942EC
BLJM61249	C8A40FD8D8D6B372F4140A166D725BBA
BLJM61251	F2A1F61329FF57E0B7F74676064AFAB3
BLJM61254	D1312396D4D0ACCB995FC3BA33C75E41
BLJM61255	47DEA3C0288AE578ACE95C190DA5E313
BLJM61256	ADD60361E5FF6F8C6230A786FA0DD0A1
BLJM61257	FD570CF4A8676B1A1538E7F1B6F16901
BLJM61258	DE210FF4294459F0628B56783D4579FA
BLJM61259	39E278D0FF16EEAFA792BDE9D84D3409
BLJM61260	B5863C2A7DA437DAEE658004E25668C7
BLJM61261	062C2017783880B280EFD4034618492B
BLJM61262	6E2D938A92C81FA0EC87A8813615D0E9
BLJM61263	68735708F6B3AAD38881F1C2A32ABE47
BLJM61264	4D3A25009F6D5B01C8A6C544C38F4530
BLJM61265	2532FD66F060B8BF8BABAE2BFF24A48A
BLJM61266	AB5352909F8F93645036D73D5C6BB2CF
BLJM61267	7E67D47817C99AC401B7F4AEC9D17E99
BLJM61269	48BA7D8A39AE72B0D4107576FAE817ED
BLJM61270	A66C1CE8FC5D50EF5F90DC5F1F71ACDD
BLJM61272	522BEFAAE3A41FCE50D68EB81FD0C4C2
BLJM61273	B2F5486D816E1C302BDC9B0B92078160
BLJM61274	E4AD574AEEF0A906075520282D876525
BLJM61281	CF7FFF037B4E2ACF6E7AA093A2D30277
BLJM61282	FD641794C02C7C83739C724D7C1F1207
BLJM61283	777910EA3FFA546AFFE91E633B33EE7E
BLJM61285	EB9C60A74B767836CE89B8796CA2770D
BLJM61287	8CC934BB6CA29881E755DF10FBF8E74D
BLJM61288	8B046259E73A00F14DE058BED4E6CF6D
BLJM61290	141805292344B32F1FEB7C4456B58038
BLJM61291	321B9B59AB721A1CACCDA01749CE67BB
BLJM61294	602D62DBC2C2BA9FB08918A666B81CC1
BLJM61297	B0F35BB0C4C04C334E0B269514A0D166
BLJM61298	594F9B8A6A013528500E3C685DD8E41B
BLJM61299	AE88DB2A14CEF8EE3E2D463B4E1C9F87
BLJM61301	4C71F53F7314EEBE0BDFAA24DC6A6704
BLJM61303	44899CB7AB959FD569D6934EB0362392
BLJM61304	4D8EAB87CE921E6F01394964790059FE
BLJM61305	458F146FABAA4CC90EA104B82E2A8735
BLJM61307	CF6706EAB523B1DA6184A73B53C4A737
BLJM61308	203B163FB6C9303999339CFA3CA587E4
BLJM61309	53E3BFDD8319D250EAE7FA464E92F650
BLJM61310	26486D5970A55957C91751A7C05476B8
BLJM61311	BCC600DA2D25FE4941BF4C4588FAA8ED
BLJM61312	B1B3FFB15BD4517CB1163B9BCE0021F2
BLJM61313	504682B70E282692D8F637F5FC34CC92
BLJM61316	AE88DB2A14CEF8EE3E2D463B4E1C9F87
BLJM61317	F55C182A9914090B5F2FCEE6285389A6
BLJM61320	44E9E89AA2D4BDFF5DAB0D9204C54542
BLJM61322	A0DF86C8EF8960DB2DF02AFDF9D5E66F
BLJM61325	0612EE329678569389F8133BCA0AA28A
BLJM61326	951A20F56DF63F0449120354060C0801
BLJM61327	DF936AC4C38506A383A2262DE7CB3A71
BLJM61328	B5C7C6433114802C5469650035EF7769
BLJM61329	8192CEA436CB1E61784A576471C9F8D5
BLJM61330	3032A3E27EEFD035BEFBA2CDF229C6C2
BLJM61331	A32F17539BEF9E6BC9FC17ACEA13D793
BLJM61332	5A2EE3BDD39554C85399AB84BC9A1CE5
BLJM61333	3FBC86A81E8B86D102D9BD8E5102F41F
BLJM61334	686737DC887457F09E0C7DED402705B4
BLJM61336	A715187C946F2A8A95CD46B903013E71
BLJM61339	FF6D76FC49A34FAD03CB1559AC0D9BEC
BLJM61340	BD7B0DC70A6E438F3D21F460EA2387C8
BLJM61341	4AC01434C1753D7E350BF49071A2EEAF
BLJM61342	2EC251A5D20743A83821524556FC75C7
BLJM61344	D95137F3F3F1DD60CCD4C58A67823D5B
BLJM61345	4CD86A9A97F1D41A1A3567C1A54CF0A0
BLJM61346	A5838937439CFC4C48EED91919DAE98A
BLJM61347	66928C7F2162B0B76E51B58CA370E45F
BLJM61349	B0C5E9D3739504730F0BC5E9B4FFEA98
BLJM61350	93D9AFFD06156C2C5D56EF45065E60C2
BLJM61351	A9A8210FB604D9928E9D36CA051DEE25
BLJM61353	74F8815F91CDDD31490989F2DACF5E36
BLJM61355	8AD08957A0542A19258CBFE6E940EF4C
BLJM61356	4CD86A9A97F1D41A1A3567C1A54CF0A0
BLJM61357	BB066E20DFDD5733D910DB2BBD4B0EEA
BLJM61358	BD7B0DC70A6E438F3D21F460EA2387C8
BLJM67001	BABE2B98B50CD9ECA9882E8DB71654BA
BLJM67002	BABE2B98B50CD9ECA9882E8DB71654BA
BLJM67003	BABE2B98B50CD9ECA9882E8DB71654BA
BLJM67005	CF76D16B5ECA9ED7EB54889C9C30031C
BLJM67007	7995C332C815946C22C1AE93DCBE464F
BLJM67010	CF76D16B5ECA9ED7EB54889C9C30031C
BLJM67014	BABE2B98B50CD9ECA9882E8DB71654BA
BLJM67021	4151F827FD4F4E997011BD82B027C3C3
BLJM70001	F62BE0BBAB0CD99BD690258839D86F78
BLJM85001	3052F0490D186718EE5507F962F5976D
BLJM85002	FBD9F0B32395EBBDFDC6C70C8869D5E8
BLJM85003	BD725106CD5A058A10CC89E7D8ABC297
BLJM85004	9855FB498041171E0854324D768F2AC7
BLJM85005	E704C61518D56CDDFEFD9AB43B6817C7
BLJM85006	E350964FBB7CD5B97ECE52332CC6CEE9
BLJM90001	F7DAE2CADC22B297FC64314F6EC8D3B4
BLJM91001	59BEB2A59D613702D8FAD8373D2874A6
BLJS10001	31406258DAF725AE0D90F9804962017E
BLJS10002	C740A9F8F9EBCF05A17690CF74EFDA06
BLJS10003	22D5E2218AE26FE815DEC8B3097D6020
BLJS10004	E9CC62CE06471F35DE02641E0E53DAFC
BLJS10005	3EAFC8FB4D5727D29B9BF8B513993395
BLJS10006	EEA9A2E1DD9A968DFF36427183C8676D
BLJS10007	92FC1CB281DC65E5FE382FE91DAD09F5
BLJS10008	A4768A09C79EEA3FB610625D7B56F79E
BLJS10009	F408B4AB18BDF5A6DBDC2639754260B4
BLJS10010	C8AD656A6F25F00FEB489FE4AFA08D34
BLJS10011	F408B4AB18BDF5A6DBDC2639754260B4
BLJS10012	71765E591614FB73AC968CE31ABFBD5C
BLJS10013	D88A23B85990723C85367C15325D23AF
BLJS10014	EF137010F7A4C33D9219D33AC3C80429
BLJS10015	560EBA841529F22A71268CCE8F5FD324
BLJS10016	BA079CE030980876D37B47C0EBFCCB40
BLJS10017	59AB763C1E5728CBB1553814F0E401A3
BLJS10018	50815F55CEFC4523D022D923DB485F62
BLJS10019	21A6AD98D00DC32B050A6D112A5380EE
BLJS10020	17DEC25C1693F9AC25D6E2AA975B09F6
BLJS10021	9F3E97A40C1039DEA17E25CC1B7B07F6
BLJS10022	64D0F7FFF0090F0ECE4F9EE84F216387
BLJS10023	79E9DF5573C01F00A827465B131F8456
BLJS10024	8786764CD6B5C5D3811D5B13CB7BDF17
BLJS10025	41E7786D302098CDD932458139299D11
BLJS10026	68F2C68C84F2534134D6DE9F9EC806B2
BLJS10028	D21158B90C7F0F4E39E145FA9E2E8ADE
BLJS10030	6545EECD1E1FA9836A317DD1AF26C102
BLJS10031	D88A23B85990723C85367C15325D23AF
BLJS10034	C28D07A269FC658FAED6269F36331EE5
BLJS10037	C4BA4D596AFDF397DFC56C95B2DE374F
BLJS10039	3709DF18C30D57E9A7F3699CBCC7F46E
BLJS10041	28F835813947008785EAE81B1C0349F4
BLJS10042	C2DB9D87F0CD75773D4AEBF0B14B1F66
BLJS10043	21954CA2AB4F39E6D2B1FEFF2E761F67
BLJS10044	81AC1D3A1B1982775AA79583E68E65F0
BLJS10045	E3AABD97B94E3B88A2C950385F4CCC14
BLJS10046	2919E367811B68D9C36AC91DE7D93D6D
BLJS10047	28B95CAC85600EFF9875604A2E9E4880
BLJS10048	5C9376D17C5E573804F1E16BB645A672
BLJS10049	39904974D034E97AD24069EF69AF5860
BLJS10050	58C14681583B101580874FCB19A8F812
BLJS10051	5E3A91BEEADDEDD01DF3E010B111574F
BLJS10052	D01D515A1F9100035797D44A2618DE6F
BLJS10053	F01B29660A8B4ABBEBEF22FBDD8DE75C
BLJS10054	27BE3CF5E4E68080B5E34ADEAA7AA573
BLJS10056	A4F1B2D46D02CA286884559A8A0D7217
BLJS10058	28F835813947008785EAE81B1C0349F4
BLJS10059	41E7786D302098CDD932458139299D11
BLJS10060	FBACF058617BADA3E1DDF1526FE8ACA4
BLJS10062	3DA3C874A76D4BD07E7524758FF7AC65
BLJS10063	5979C827B62A3C0AB2B688AC03910675
BLJS10064	710FE1C6FD78257E744A056EB67E1740
BLJS10065	86C6F3B5455157FE9DE295F4B8C02EC1
BLJS10066	2DFB7DBB21808996D66B360DE12CB8DF
BLJS10067	ACEB545AB27BE8836440B83BB016A228
BLJS10068	ACF0E350D250BE750782C6BCB3CA8529
BLJS10069	DA29F2786419C23B686A67C00F269AB2
BLJS10070	90563D0D9E5BFA825E95AE3A7D3053E7
BLJS10071	B7B3D7D035E7B2108BDAEBCA87378349
BLJS10072	A4F3F4ECBC0491C7CB875CD317D7BB7D
BLJS10073	67CD620A92767B5AFB47446C34FE4C75
BLJS10075	06070F3BFE1628617E9E65E746EF1448
BLJS10076	B306E72B7AD43D621FBF029DD5CB1B3B
BLJS10078	AF832DAC676CA6D66E6F4AD3BD94BEB4
BLJS10079	8703B897B1DA3D5AB0820F8130B03CEA
BLJS10080	E5CDAFE86CF2DB082CA834C1D084DE41
BLJS10081	837B230C6B9A274C3AC7ACCCD62E0000
BLJS10082	79C2B096DB024A24FB98C28AD27A6F08
BLJS10083	24C50309A87C21EBB84C1A298AF9D7B7
BLJS10084	5F280EB8998B711CC5BAF3B447E62B3E
BLJS10085	FC53001A0BD0A754A4BE072BF9E89709
BLJS10086	FB96CFF7DB1152D6124B421F21FC8F7F
BLJS10088	CB5356BA42A6C8D6ECE65AB57DF9B129
BLJS10089	C8251683F88E2D178EA9133918ABB3CB
BLJS10090	B3363D32CD36F17C095C3647845658BC
BLJS10091	4A07BABDCB64E5A497E9D93AD1B2046C
BLJS10092	CF33B5E1528564078031C864BE2418EE
BLJS10093	905F1C106812D16171E292B59BC01308
BLJS10095	610667323A34083FC513829C85360496
BLJS10096	304E38DF19BEA6E6DF4122F044D2D4B8
BLJS10098	F7F5EAD219A4D5B5A31448B74095A7C9
BLJS10099	A907DA2EC5A6CCD141EBC7FE9C07E685
BLJS10102	A045A5A00E811E3D0549DE9D6AA065D9
BLJS10103	4F8FBA28EF093C3B896B3CFADC096949
BLJS10106	1A99E2C99F714E349EEF84CAF5750E69
BLJS10107	73559B894F09C610864A29A23C115CCA
BLJS10109	991F59541EB556EDC0D9B04502D3B2A8
BLJS10110	D75746AE9F186AB7984CEB6EDCC15AA8
BLJS10111	6B0D7F6ED0A47798A88843EA5AFC091E
BLJS10112	A760F018A784B8AA4C869DA1DA53D823
BLJS10113	29071A52BEF8045D0559F8A3ED1604FD
BLJS10114	DD0581605DD13AD9FF974B056E97218D
BLJS10115	BB5E8D5FAB1166E6D02EFC979697CA37
BLJS10116	AFAAE3955AD0D49522FC46920F52CF18
BLJS10117	B266B61019B1578D50D70724C629B4C8
BLJS10118	1EEFD1CCD862CEF3A7B6E6C0570DFD5D
BLJS10119	8475EFFD8C3D71DBEFAE008CE207FE0C
BLJS10120	E38A28EF0AEFF617ACC330ABFF057C5B
BLJS10121	20B9FEE51D84F51F31CE30ED91587A46
BLJS10122	7B42B1509B1F5B2801296FE8552C639A
BLJS10123	E685DE102ABD85E321099172E32D8095
BLJS10124	DF22709AF7F4F2EAD63EDE1B85B7C5B3
BLJS10125	267896891B92C08147438D8F06B09A50
BLJS10126	0CD92DC93D33BD65399CD85343D4C457
BLJS10127	2771A210C65F70B7DDA0A2B0F8DD7CB6
BLJS10129	610667323A34083FC513829C85360496
BLJS10130	610667323A34083FC513829C85360496
BLJS10131	F281DD7A0886CD5A4390DB9E4AA9720D
BLJS10133	171251FA27F965C92AD2788BE1C5A9D1
BLJS10135	C9E98576ABA6E1E538377F4ADFA59FCE
BLJS10136	64794A20086D53307B01FFBBC488001E
BLJS10137	9AD0C9C6C4322BFFCE6758150BB31786
BLJS10138	7C4B8584F337FF5A80AA32EC4312019B
BLJS10139	2F154722B8FBB1C4BA4107F08F234697
BLJS10140	8BA2DE45D9B729F8422DAE6435D20A8B
BLJS10141	40C35B9FE5F90FAC849E7B71997E3F42
BLJS10142	4181961367A9D161A460A8116B88AA21
BLJS10143	AC9E63A390085705A501486C059AD5CC
BLJS10144	B468BAF34DBE618FEC2F361B5F3E7CFA
BLJS10145	4A725D47DA3113F1C926930CCE59ED94
BLJS10146	F62D3F53155F192760AADDA71F7FCF7C
BLJS10147	9876E6FE39EFEF30198047A2A0D43459
BLJS10148	621889F740A280DC5AA8D6EAB87CD1E7
BLJS10149	636AEF62EAED20B2AC50CECE69C95244
BLJS10150	847E316BD97DC0F4E502DC3C26F95E59
BLJS10151	24C50309A87C21EBB84C1A298AF9D7B7
BLJS10152	662C005C498666798957F4837EA28E07
BLJS10154	F5E8073EC21D82842AEA6AEC21093BCA
BLJS10155	40310DA91EEAC60F11CCAAA8C9A66ED4
BLJS10156	BE538F95ED09237CD1C816F25EE7569B
BLJS10157	B43384EB4141F8B3D8427FF5A8FEEE22
BLJS10158	46FFEE633BC0762DEB6E7A9D64B3EBED
BLJS10159	42777281DED6F40E58950CE11ABF688C
BLJS10160	42777281DED6F40E58950CE11ABF688C
BLJS10161	BF1674B01D9920B12CA89EBAC0C3EC7F
BLJS10167	F5E8073EC21D82842AEA6AEC21093BCA
BLJS10168	7D9E1A921E5BA5BBBBB57AB52E2FD440
BLJS10169	4ECBA618B3156902CADB72DB05ECCB14
BLJS10170	550F0936D35398CB6A6BD95513405E07
BLJS10171	CAC6A4FF3EE155E1B2DD5A4DE7498510
BLJS10172	2F154722B8FBB1C4BA4107F08F234697
BLJS10173	C1E3B955A0D8CE839294B4ACF43F89A1
BLJS10174	C1E3B955A0D8CE839294B4ACF43F89A1
BLJS10175	F1EBD4AEA7CB842073F565A8CDA3B1D3
BLJS10177	0D16ECD64F5F52BF5D51BBDC67C16EAC
BLJS10180	E3544A488D2DD0842DD8378C612EBBE5
BLJS10181	E3544A488D2DD0842DD8378C612EBBE5
BLJS10182	0F2763C6799F47F6ED67CCF57637447B
BLJS10185	847E316BD97DC0F4E502DC3C26F95E59
BLJS10187	8DDE56F10B9C48090647A2F2A5540C9A
BLJS10188	B90CCCF6BD8C6DAFE33AFFDD2618209B
BLJS10189	3A36651E9E0C7652180418D0148649E3
BLJS10190	B7E42AF2702C667858E24626AF950853
BLJS10191	C27976383AFF4CCC357B90FA1095F51D
BLJS10192	DDE0C276489F09F6665C969F54881521
BLJS10194	4FBA13D1204E213FE21027C2EEE93122
BLJS10195	E38BEEE41EED5DA0C7ED89275B10F5FE
BLJS10196	2E6C0F2EE466EEFEA3509E44C0E84D06
BLJS10197	465EE00B60415B787836A52A96401412
BLJS10198	6B484874871B1526E6E61BB2AD29E9B8
BLJS10199	8C5B8CACADE8A0D77024285F9F4A3D36
BLJS10200	E50C19AF637D242B95DC9F6372CB8DF6
BLJS10202	06F4147982F4F87C8E9F7F37E2142D94
BLJS10203	2790FFEE563A9129C153904D307E3028
BLJS10204	8EB44A1CF49E3E5BFAD28E01E61E7068
BLJS10205	7BBB2024012EA68F71FBF3968738A71E
BLJS10206	7BBB2024012EA68F71FBF3968738A71E
BLJS10207	41374101BC9A1CAC8FDFFC2ED41FF376
BLJS10208	C2A40B68E04A2EF38745782C0D18D4ED
BLJS10209	DBAA41B12C11B71E65C497A8C43C49E1
BLJS10211	B79689B2C65D94A45A0348C2DE765B8E
BLJS10212	2F3051DF071D7B39399864B9CEC7888B
BLJS10215	2E60F8F4105885698B37C74E5B2A2BD9
BLJS10216	BEB95616CC0E81E655997FCFFA25A110
BLJS10217	BEB95616CC0E81E655997FCFFA25A110
BLJS10218	2CE951D228F726B7231A6AAD9596B4BD
BLJS10219	BA9C84E092495C67704EB525392C541D
BLJS10220	212E6A6501132A9F9AFE594F0D7E3312
BLJS10221	3859E117CCDEA2EC7CFFE218ED619599
BLJS10222	2F31FFB2E9C39D3FE6859A0B1E8DF23D
BLJS10223	8BC984929CD6A116A31566C6862A3A8F
BLJS10224	5583692B50BB7B13319A82439604ED04
BLJS10225	D1C3C6FF7B0A5D291D44A9F742247B72
BLJS10226	D1C3C6FF7B0A5D291D44A9F742247B72
BLJS10227	AF320F7D2E49C47A437BFC92FC116534
BLJS10228	2BB7AB259B9A2F90544F1627B35A4CD1
BLJS10229	EB7DC87B1AA1325062C52AFB174BDF67
BLJS10231	AE2FA9D9CE64ED408710E6D0B2FD8DCD
BLJS10232	7D25E8C92E073C3260ECAF1BBBB196ED
BLJS10233	3C0A2F3D9DB4B2DF5666087CE8D12690
BLJS10234	C3449B2E1E9C9907C16CF1F5DAA5C136
BLJS10235	E562C249FE7C23D7C72312D0A74043B6
BLJS10238	0AD05A5D6691F995DB8DACE919A4C3F8
BLJS10240	2A9D3855F1F9C504714697934DC3516F
BLJS10242	1150A59446FB81447D5D121590097B4F
BLJS10244	02C855DA0A936CAD644D6EDF113167AE
BLJS10245	F7B8E2E5B9ABB410CBF7284304FCAF5C
BLJS10246	D60F9D1E7F85E16087D23BDFAD3E3ABB
BLJS10248	37EFAEA38D0D0B822913830F48D4EF77
BLJS10249	818C525DFD4536836E3EC2EDECBFC71D
BLJS10250	818C525DFD4536836E3EC2EDECBFC71D
BLJS10251	B7E42AF2702C667858E24626AF950853
BLJS10252	4670B0FB898C1550E38313DB65171489
BLJS10254	DF6C834031E786421F3ADF109A19B849
BLJS10256	8161486D304BDB29FE186DF5C9BCC115
BLJS10257	D699140A7A7FD91EA0B2947AD190FA50
BLJS10258	A735E64CA9E25E8ED7B3667D591FF94F
BLJS10259	A663719F0F770B19E7353B8666A0F908
BLJS10260	2387A0C778D42F44D096CB8721A544ED
BLJS10261	2387A0C778D42F44D096CB8721A544ED
BLJS10262	D816CEA1FB0861B231C6B2C4610EBE5B
BLJS10263	361CB794A4875A91124D754DA5FB782D
BLJS10264	D33D17786208F3D9DC160E93F559400B
BLJS10265	05DBE3D57E5AF8EDACD1AF049388075A
BLJS10266	B0C603D0BBBEE846DB0BEC1046AE1E1C
BLJS10267	DD55FE26344513982BE44C199A59EEDB
BLJS10268	0E439E8D73913D76CA501B64B8E2D6CA
BLJS10269	F2C60593C2A77D4BE3EEEAF1C25957EF
BLJS10270	C2DC8170AB6C0FE54CA5E3058CF10D5B
BLJS10271	C2DC8170AB6C0FE54CA5E3058CF10D5B
BLJS10272	413322AB1F7C45808F45347C82294CEB
BLJS10273	F0923C8A3B79E6C01B0CFFAD88698A47
BLJS10274	AAA95E7948E5A8BD02CF7AEAA3754A90
BLJS10275	FBAB55B042EA610A6634C78037DBD4DE
BLJS10278	E373AE741E7D691677C8028D30077883
BLJS10279	97B2DD95702D373D1630998E4B061A59
BLJS10280	B8BD15A745561F5A0BE253CA30BA29B5
BLJS10281	80C149395BB1650A25FA8E26EBAECB43
BLJS10283	6F5AE8DA6ED3B3DA2C76BA40C3766CA4
BLJS10284	14C4C5F4B4C54AE17EF31B4466FD4A1A
BLJS10286	184C36F5B539C9C8231C63C94536A2A7
BLJS10287	3222CB199C1B13335DFCB39A951EA7B5
BLJS10288	AB79FEC56575256F2F7F9308F5D3D055
BLJS10289	561007AD825A783DD6BD52A7B99A2909
BLJS10290	BDD8D1A1457704F47E8AEC617010EB5B
BLJS10291	3AF9DE14F28402F2BF3D893DDDBDB684
BLJS10292	34797801AC60C0C7840A975CB7B93ED0
BLJS10293	8BC3BA7BFBEC321CFEBE90B2F672BAEF
BLJS10295	D625FBECEF2E7B30FB3516D9CE7F6785
BLJS10296	434E243A1F725635F80DD9B8F17F3B4D
BLJS10298	41374101BC9A1CAC8FDFFC2ED41FF376
BLJS10299	3382DB476A4AF555EB2EC566FF86834C
BLJS10300	2FC660CAF5BAC009E955910E1D2E8B2A
BLJS10301	560B78819EC2AE5AA17C5CC51346E196
BLJS10302	8350EBE2D8B4BF9835A9F2D5B94AAC85
BLJS10303	AB46F7C5BE70A84B8B8E7D1D67188607
BLJS10304	556416CFC03F317679E8E6F85C923C62
BLJS10305	D05320EF4EB3CDAB07C92C22C231B100
BLJS10306	F86445CB1472CEF27CD1C70347F91DF7
BLJS10307	2D8370EE69668B10CD50E544D7834592
BLJS10308	8AAFC2E2BC818643D8B7683D40827FCC
BLJS10309	0B24784A5F8EE8D035E34DD9C5198CE5
BLJS10310	804590EB639783528337F1689890C742
BLJS10312	31B9E92FF94A83A8CC189A9A997AA5F4
BLJS10314	D60F9D1E7F85E16087D23BDFAD3E3ABB
BLJS10315	68623D190B1EBD763A4B27E7800FCDEE
BLJS10316	FB468A1BB8610AD3C508949622FDF2C9
BLJS10318	9509D6B1CBEE556774787AE010CAFEC2
BLJS10319	2234E4B0BEF2ED0FBB2EA7F09EF99B42
BLJS10322	39F8D98E956251D3AAC23D452B649E14
BLJS10323	2F33DD437C563C33B03A6B898E1236DB
BLJS10324	36A6FCF37A79FD743A9934CF282B324A
BLJS10329	47D2AF150DD14BBF25318B8F58BF15F6
BLJS10330	B5938D1B09F4654E90E0C61AFDAB2B29
BLJS10333	798276B5E264088774505ADD87C614A1
BLJS10334	47D2AF150DD14BBF25318B8F58BF15F6
BLJS10335	0E44DE3F5EB5B6837A8B40BD83DEC40D
BLJS10336	BF48AA8A224C71B2A3E511C449E8CA79
BLJS10337	BD4168DACC1E5FDB64B99852F5096FA1
BLJS20001	543FFD518562CCA70EFE9F322CE5DB60
BLJS50002	C740A9F8F9EBCF05A17690CF74EFDA06
BLJS50003	3EAFC8FB4D5727D29B9BF8B513993395
BLJS50004	64F18C6A9C836D51E6BD88B93CC5E93F
BLJS50005	C099E34081065DE846FFEDE2AA48D042
BLJS50006	F408B4AB18BDF5A6DBDC2639754260B4
BLJS50007	68F2C68C84F2534134D6DE9F9EC806B2
BLJS50009	0B4BEAFA91FBF7C0E11CA1BC969431F2
BLJS50010	31406258DAF725AE0D90F9804962017E
BLJS50011	C740A9F8F9EBCF05A17690CF74EFDA06
BLJS50012	8D1F4884472A941FAB9A73A7ACEA083E
BLJS50013	28B95CAC85600EFF9875604A2E9E4880
BLJS50014	21954CA2AB4F39E6D2B1FEFF2E761F67
BLJS50016	B7B3D7D035E7B2108BDAEBCA87378349
BLJS50017	ACEB545AB27BE8836440B83BB016A228
BLJS50018	9F4D3FFCDCF0E41865E7D2AE24A4EADD
BLJS50019	4F8FBA28EF093C3B896B3CFADC096949
BLJS50021	73559B894F09C610864A29A23C115CCA
BLJS50022	29071A52BEF8045D0559F8A3ED1604FD
BLJS50024	F01B29660A8B4ABBEBEF22FBDD8DE75C
BLJS50025	24C50309A87C21EBB84C1A298AF9D7B7
BLJS50026	DD0581605DD13AD9FF974B056E97218D
BLJS50027	F281DD7A0886CD5A4390DB9E4AA9720D
BLJS50028	2771A210C65F70B7DDA0A2B0F8DD7CB6
BLJS50033	8DDE56F10B9C48090647A2F2A5540C9A
BLJS50036	E38A28EF0AEFF617ACC330ABFF057C5B
BLJS50039	D1C3C6FF7B0A5D291D44A9F742247B72
BLJS50043	818C525DFD4536836E3EC2EDECBFC71D
BLJS92001	D61A7ACEF2C9F46B9B130633C11DF7B3
BLJS93001	10BC27F756C57590853C7931F6082A82
BLJS93002	9B2562424640D13EADDBEC8AE7B90A3F
BLJS93003	766060A4065D6F0E1A736C3947426EAD
BLJS93004	296F3979A4FE603BE94E71B208F6D052
BLJS93006	F39F8618903AB0584913747483A4A9B9
BLJS93007	F39F8618903AB0584913747483A4A9B9
BLJS93009	06D32DD88606CC1A774B73767BE00E5E
BLJS93010	044016004DDCDA933511F90CE99FB107
BLJS93011	044016004DDCDA933511F90CE99FB107
BLJS93013	25CDA8D81D4BDAB8B4E0A6AA7F1A2DF1
BLJS93014	205F54DBB88854046DB98CF9220BC9EA
BLJS93020	76FC2AA482B98DC56B2DCC85412F90CA
BLJX94001	7D8529E2C2A328CDC29D47B96D66B4D4
BLJX94002	7642925255122D4D5E3B9A246CAC135A
BLJX94003	BD7E1F3DDD795236002C7B369EE38B0C
BLJX94004	3DACC5C56627A4F8986BF887D0BD1711
BLJX94005	A415BC4BEC35ACB906FF43840EB3D58C
BLJX94006	1CD9DDD3FFE57DFE2E9FC86070A1BA1C
BLJX94009	88D58F3DC8D7E1488F66F400AA451D68
BLKS20002	6F22C920AC67DAE3C28C722621F65E9B
BLKS20003	7C6E1CD73D863D4053AEF424984454CB
BLKS20007	F00DB280C025771806D7FDBA1B1861E6
BLKS20011	6D0CEDE975E597B91ADD352E6160EDFE
BLKS20013	9D3FEB0CD9F2083B9223ED981474BA3B
BLKS20014	0A0BB1C70DFC4F188319A218F64ED557
BLKS20015	727B357B0DE483E52043F8EABC6E11BC
BLKS20017	460A2476A4DBEC397AB37479B325B23C
BLKS20018	BE74C4366F15DAE1FFFA63054F265AB6
BLKS20020	9B433A258D30E9FDFBD8986824CF59AB
BLKS20021	385CD3194D21463A3E1FBB4879963480
BLKS20024	5828AE8DC4C36316B7A5DA03684E6DA0
BLKS20025	0DBDDB903698DABF9E7CFD315BDE96C9
BLKS20028	5D7ECF51D64E73384584D8B6340251AD
BLKS20036	21EEBE5E099D556E1EF2DA6AA26C22D6
BLKS20037	4DDD29792F24D8C4A3416351CF968296
BLKS20038	049E5631162A7407F3DCAA5AF4657AB2
BLKS20043	17FA682296ED58523018AD94B1A6F54D
BLKS20048	873D63BE615C817FE62ECE4275ACC0D5
BLKS20049	AFA94475E3EDA5064AF9428FCDD09F31
BLKS20052	52CAC6CAAD0C20986372E62CE791017D
BLKS20053	9B77ECB0E5A5B2B1F8E01946B613A204
BLKS20054	31B8DC5CF13D74A04167FE4FF85D752B
BLKS20055	6421C1F0FC290089BAEE7ED586FF4700
BLKS20056	06904B4B628DA5E2E49394318236E755
BLKS20058	57034F33E8A1F9DB3F86A060B7ECFBEA
BLKS20061	F408B4AB18BDF5A6DBDC2639754260B4
BLKS20063	D3EEC5354E439F19E27DE1312FC8DB81
BLKS20064	70AB69470F5272A19510D3FF23A168E4
BLKS20067	FF673E71093F5215EACA08CD0DE1A95C
BLKS20070	4F24368D4BDF729BDF62DE4847772734
BLKS20072	6A7F7242D458397B28701E49FFB1576B
BLKS20073	80004375BD894862186281CA9305C377
BLKS20076	47A1E0956F434C9A67B85504BCF59A12
BLKS20078	74625CC32781F574795052239CFBF1BE
BLKS20080	39D24D5DE17070AA2F2BED6F929D4B62
BLKS20086	E8CC13C7D1389A1AF0468D20B917FA3D
BLKS20087	597F59CA2BFE01E153FB16D322E67451
BLKS20088	6882C7D1CF1D0824EB68209191AA323E
BLKS20090	873D63BE615C817FE62ECE4275ACC0D5
BLKS20093	3952D1FE5BCF0D05BF82FD7A4FDD7233
BLKS20094	F6A0D73D1DE9DF15E21DF12EE60DA684
BLKS20096	E32845CE9D3175088F7B3D29AD797BDB
BLKS20098	5B06DD1C9A5B06E31EC20F72C94DE8D6
BLKS20099	6F80E14DBE75D75AB69EA2D909C00F1B
BLKS20100	645E5EEC5F849AA10541DAC28C698C98
BLKS20101	19EEADFF85435943720ED954B9413D36
BLKS20105	6FE8312D1EA7B82D37C90A7E0C0CE9CA
BLKS20110	23065D3F7B3AA820AC9759CBB57D47C7
BLKS20112	A27914AA4E88D9C94308630269A83301
BLKS20117	41CC32952FAC3591831B7ED5BEBDB9B7
BLKS20119	DECDA54C17DCD05D729FBA1FC84C6260
BLKS20123	75D52D2194AC5A5EA783F3B864BF35EB
BLKS20124	536F6C7A96C89D075B95E6A85675866D
BLKS20130	1928EA5F3DE757F4CAC812829558AEB3
BLKS20132	E6FEB1E08A26313C4DA49B5A7563A96D
BLKS20134	6F80E14DBE75D75AB69EA2D909C00F1B
BLKS20135	E028726268F77347F3CCF70EFEC23C6F
BLKS20137	174589027C2279ABAABCA7748E640D15
BLKS20140	D3EEC5354E439F19E27DE1312FC8DB81
BLKS20144	761D9540377483104C2D4D1DF83E3A0D
BLKS20145	562450440CAD4F0AA5DFFD3436E39844
BLKS20146	1EF50CEB25FF37B7AA225402BBEEEBDD
BLKS20153	14171BDEDBE6D253D4EACBC924E98B62
BLKS20157	0A209F2ADAE98B3DBD8C12BD190CCBF2
BLKS20159	CAF10E9FD02FE8FFA4AE0A7B5A4937FB
BLKS20162	FCABB21B5323CA856D0B27871734DC37
BLKS20163	F8476C195EB435CD779131A9D2568CBD
BLKS20167	16E6D9A59A4E7ACD089A316A88F44650
BLKS20170	51AE63111B5DA8BE7304CE5297FD5B0B
BLKS20172	3F148F1D7A1D4FDF2594366D1B1A6849
BLKS20174	F747D1E07071C21A50A95F8EFAB410C5
BLKS20185	13A105902048C75D236C8D9257BBA8CC
BLKS20189	E28F4744BB8A73B07DC75C24BF8FB747
BLKS20191	9832B3A072C0AF3BD3769FF5DEF124B4
BLKS20193	552EB8FABE40D20DE1AE10507D4E4C58
BLKS20200	FCABB21B5323CA856D0B27871734DC37
BLKS20205	1E7FC204BB51EF3FC2F8A02A12884BD5
BLKS20206	50D8365B64B71F2E45897DBDF9A7B156
BLKS20213	2A864A5997E550118D2B41AE59CB545D
BLKS20217	6928A55A57D5A1F09D6D0964B1302058
BLKS20220	216FC46A3105A19DE4E25385498CC208
BLKS20221	2D8F89A76A0F78CA96A529B82DEBE4B6
BLKS20231	370420D5F0260A7DB6E66DB365873379
BLKS20234	96AB54DFCE10C69F6698CA43118A9120
BLKS20241	0A9BC6CD1A9805A9AA0A6BFC6DD97FBC
BLKS20244	0DAE44AC8D38FCB80D27889EF23FD614
BLKS20248	71E3CEE7C8A49BD7D3FFD7F3B1B78F06
BLKS20259	45649BFA85AE5BC1E5548E0B40FDEF50
BLKS20260	3319299703BA2D4EB607E0B0C19D0BA7
BLKS20264	B2A23C8D00E1370A9D86876A92AD54D0
BLKS20268	2E235BCF694CC69B856202E1A957F6F1
BLKS20269	C7E2325BAC2E92C35DA42BF23EEDCD09
BLKS20272	B717658A12B77C99E282D5683BF665E4
BLKS20278	216FC46A3105A19DE4E25385498CC208
BLKS20284	69C4C6F377AAE1B8E9CACCE683F020A7
BLKS20285	DB3439AEEFA8364ADB0E040548F3580E
BLKS20288	DCA35EBE704A6073DA544047804993B2
BLKS20289	78D489F5F7F731966D8BE511AF825BBB
BLKS20294	91E86C115DD7A6155A57A688BCF6F96B
BLKS20299	21CF260E2534FF505724833225005CD0
BLKS20300	59A7F20FAF525CFB6700CFF77F85C4D1
BLKS20301	95C48E48B314198E3A24EAA5222CC416
BLKS20302	3ED47A894A3EAA47F28931C5F9058CE0
BLKS20305	7FC54ED6278C7A7905FC5FDF6A6CE453
BLKS20307	799DECEFB3F5FFB0BA992B3095B96550
BLKS20310	E0A7C3D02FA9A4A66162FACB771F06FC
BLKS20320	4476FA56910506A9697420A2E47C58D3
BLKS20321	C83618B3CA19D969CD93C981558BB536
BLKS20325	A269DC51796270BF2BE5F792B8A0D4E3
BLKS20326	091C2EE5A068D4A02EF6DC0FA46EB798
BLKS20328	F126F0BFE0C3798B946C354A0FB03DAD
BLKS20333	94DA943E8CD684E94BE54FE7206FB848
BLKS20334	1F1A0046D61625E4B9E6E28E2A34A1EA
BLKS20336	CFCBEE19DCC0FB6F793FB6D920EBAD60
BLKS20337	0442AA9E50B9FDD1EE922E2469936382
BLKS20341	577223C767FB49A88187007CC2FE464C
BLKS20346	709362B1F363313BA6AA63CB53618F47
BLKS20350	795C7B0A2720B0D7056DDF5CA7AE817F
BLKS20352	5846B651725D383EFFCF32221EE7706D
BLKS20353	4CE42122B85E4F1C1074EBCC348EF1A1
BLKS20357	AD3A15EA655063D6EDD8CAD5CC17782D
BLKS20358	F513DF1E59141E6C79984153E593A254
BLKS20359	F4A6E54D0D8B6B0724214C91C1468410
BLKS20360	2A1C4DF3C5DC44F693C17A1E9FA6989B
BLKS20363	6C9DCD774759D20229825A37C47C5F91
BLKS20368	005A3DF67C113FF5A5B985A8F7D79934
BLKS20374	7750F4F6885DCD288A03B294B35A057F
BLKS20375	821F7D0FF48CB68A9BB6319BD48CB411
BLKS20384	BD725106CD5A058A10CC89E7D8ABC297
BLKS20385	897944090DF74769DA2619E213740566
BLKS20389	9005465887CCAD67B6A293AF0BF10340
BLKS20391	CA679B5CF0F41B3CBEADE1CC5B09CE3A
BLKS20400	171251FA27F965C92AD2788BE1C5A9D1
BLKS20411	C9468CD2D14314458B5512AF78C5A45B
BLKS20417	BBA9956082B69805ACB0951F3AAC820A
BLKS20418	81A9C1E23BFD625F413F206A38DAADE8
BLKS20420	4BB2B2C27A980FBB04FEA182D8A199D1
BLKS20424	DD3B8AF1629D6F1C0872CC40D914E0CE
BLKS20429	ED26DC9B8B74DFA80FA455EB6CC0997E
BLKS20433	F52E13438774FEADE9EF7BCE88D8B56A
BLKS20438	16D4D7BF642211FE0583D9270FD82A25
BLKS20443	F2557B87F087AD0824D80B6A6C64F8AF
BLKS20444	6DB154C742B1009639D036A9EF03BB1D
BLKS20471	95212910109D391F7A46751B1CC578A1
BLKS20472	732822BEDF3A481B657A101936D1DCE0
BLKS20475	35E8FDA2B5050D46858B1A06FB4885D3
BLKS20481	65BFF81744C7F898CF131F4318F618E3
BLKS20483	1B21505DDEC0C7A60DCC880B4CF41FF9
BLKS20491	CED9D20C0CDBDCE0C225EEBBCA775E78
BLKS20497	74B74F2C5BA413B609EFD3E74267408D
BLKS20498	FFF48ADE0047A1BC5196C11009235282
BLKS20512	69B1990F45DA8958DC2F0B1AA8C49AF1
BLKS20513	66D8F5F361A952CE04858012152FDEFB
BLKS20514	82A7D14D9BAD1F6C50381A280B72482E
BLKS25001	BABE2B98B50CD9ECA9882E8DB71654BA
BLKS25002	DCC6A9FE8F5600B24EBBA68DD097856B
BLKS25005	0057E7E55A702DC39F3B9285E636A991
BLKS95001	766060A4065D6F0E1A736C3947426EAD
BLKS97002	76FC2AA482B98DC56B2DCC85412F90CA
BLUD80018	A345515765FC37DF1F528BE6E02F2FB5
BLUD80019	84E073A9AC1419A2EB6183B19E03DB3F
BLUD80023	1B172BEF82C0A32436AB988B4F06AFCD
BLUD90005	C56F0400E103C3729996B7B447114336
BLUD90008	1DE127993241E05F1E785305BA54A022
BLUS30001	DE10ABAC901437319E07B1CBC51E2DCA
BLUS30002	D16813F9AED003C5703D1661EB49A55C
BLUS30003	61BA6F046817E02D8DB9CC7D045ED9B6
BLUS30004	F028322475C9D8B3F4042582C67F2007
BLUS30005	D501F9383C8CB63C94FBEAE7178E55A0
BLUS30006	A96D326DEE95F970EA60EF58DCB24F19
BLUS30007	CAB5C4906CF52C0A90FFB90D0B8DCB96
BLUS30008	FA8E828A97030DE57ADD20BBB8943A6B
BLUS30009	FC650ECB9597D6DA88B50381B095B017
BLUS30010	18AAC1DDC5835FB0E6D5206C4EED4678
BLUS30011	C47B0CE5C937618A33A427363517B2E9
BLUS30012	A8498E0D872DF5855C53C9F5E877767E
BLUS30013	FA68A4CC397686A42EBFD87F15C1DC14
BLUS30014	594873A9D714C3A0F6993D2F0EF0C701
BLUS30016	D7FB0526147054169C224DEAB555B413
BLUS30017	D9FF104908103147CA3534ADE27F7F51
BLUS30018	9D3FEB0CD9F2083B9223ED981474BA3B
BLUS30019	082F8305926A47819A65AF26EF9D6127
BLUS30020	53D14729C9B3175D04D427BE11189D8E
BLUS30021	7C09B080D5468200B9EAC395AD3184E7
BLUS30022	B3D235E6077F02C436B23F003E4D8B2F
BLUS30023	C94B1F79B1ECCFC062FB805BCBEC3D9E
BLUS30024	01111B8A838FF2648EF90AC000DAFEA1
BLUS30025	E354D3A4AB3CE15DCEF2948B747D1B78
BLUS30026	D837BD3F1A31284B1BAE7667291A6B2A
BLUS30027	924A73D7F32C5945BD48DEEE87EBBA68
BLUS30028	07FF058E817860A34C2D98BD30EC57C1
BLUS30029	089E9EE72B829B64178C9B9D9E281E7C
BLUS30030	FA76474D65375627FC6514E92C65A815
BLUS30031	9B433A258D30E9FDFBD8986824CF59AB
BLUS30032	B19B9F40F24AF3B77488696DC513B4F4
BLUS30033	B5FBB9E2CC8CFF628FF582EA55070682
BLUS30034	39D24D5DE17070AA2F2BED6F929D4B62
BLUS30035	15149C1B8E105FC9079BCE8A420F33D4
BLUS30036	5E0D7D56F80E5CC7885FD94E521C0496
BLUS30037	CB0F15FF347DA537B4B79243767D20EB
BLUS30038	049E5631162A7407F3DCAA5AF4657AB2
BLUS30039	3FEFD28B4490EB3460560FC6E5D8A8A7
BLUS30040	9BD171CF8534D80E8F1486E7DE490D48
BLUS30042	ACAEE3397B6B4F2D9AE79449573A1509
BLUS30043	15E818C60E81B0A3FD1FC53A9BB339E3
BLUS30044	5DFAB1A160E6E760833D2BB96B75A2A8
BLUS30045	BE5C83DE0E3AFCCDBFBA233793E86C17
BLUS30046	4E50CA097B2BDF77A519974D10660415
BLUS30047	5F6917CD14F587B8434B2F090AFF0CBD
BLUS30048	A88FCDCC2B033AFB0D152D8806843AA1
BLUS30049	59FE54C0530D79DC6B6D4EBFE1611DA4
BLUS30050	9D7EACDC4FA4070C9EDFF8F0B3590DD0
BLUS30052	C408300E621574FBACE90AD843609767
BLUS30053	B9628EAB136DD63F910AD2B628F3013D
BLUS30055	727B357B0DE483E52043F8EABC6E11BC
BLUS30056	422199E80544FA94F6968625BBA82778
BLUS30057	714644FE3A4329CE25E9391464F9D9E0
BLUS30058	17053E559B786F4C715613CE9A0A836B
BLUS30059	5828AE8DC4C36316B7A5DA03684E6DA0
BLUS30060	815D285165A0351849E81608F9758152
BLUS30061	94B3CDCF97CA62D6CC154E4E8F1D43A1
BLUS30062	0EF31AA66DF6E3029CBDF23A968F9A70
BLUS30063	335278780A640D7E3DB4DD3D2DF47D38
BLUS30064	87C50547266FEC4A6189820B57472268
BLUS30065	B48FF04D0EBDC147B8432A995764C626
BLUS30066	5C5C699136733927B1C2E63154D37825
BLUS30067	459AC0646EBF9F31269DC93EB382B822
BLUS30068	078AAF5E29BE709FA6B4E6C27370D652
BLUS30069	17FA682296ED58523018AD94B1A6F54D
BLUS30070	5D7ECF51D64E73384584D8B6340251AD
BLUS30071	EB95EB643F891DD79FDDAC8AA79144F9
BLUS30072	B8787091BF9432E4700991E3007B2E17
BLUS30073	6D0CEDE975E597B91ADD352E6160EDFE
BLUS30074	DBA6CA86A4680F16B726E1AF959B6492
BLUS30075	A1CD058C1A0D0EFDCDF5CC1BA54199B4
BLUS30076	91A6FBC09F1FC34A6CEBBDE0B43B6F1E
BLUS30077	E8155285BEF9FC8C52C4D20F1BCA51A9
BLUS30078	F311BDEAD4AB01EEA3E25ED6C781CEF2
BLUS30079	63CC248B536C31E65890145DE4B98C8B
BLUS30080	2B25146C5AC8F4C15B80E25CB9711CC0
BLUS30081	E8823FE6B88C883DF863E1D53B2FEB22
BLUS30082	A910E39BEFAE15C6C6C6E98B3BC158C6
BLUS30083	661F9D69E57740088505FFF3051C054D
BLUS30084	8ED191D50F839B5CAEC2EFB11B82BCE6
BLUS30086	57034F33E8A1F9DB3F86A060B7ECFBEA
BLUS30087	45E73E393EF6D80D80E67FFF5C50C727
BLUS30088	EB4623EE14AF04077D9E59B1C1D14181
BLUS30089	C397AB8BA243D310579462842C287D02
BLUS30090	E6E55D3A16537DBA4FB4030D1DD97B84
BLUS30091	785E17D2383564206BCC8E7E813B7ACB
BLUS30092	9B77ECB0E5A5B2B1F8E01946B613A204
BLUS30093	6A4D62864D92B2AA2561104B23A4691D
BLUS30094	C37828289392010638299EC536CC66DB
BLUS30097	70AB69470F5272A19510D3FF23A168E4
BLUS30098	62B343A9DD6061807E083A272BCE3811
BLUS30099	06904B4B628DA5E2E49394318236E755
BLUS30100	C639DB8F84868006A267AA1E228533C8
BLUS30101	7AD22F6F6028606364312D4A73654064
BLUS30102	423345EF6592E2BC87E81D888A0C9CBC
BLUS30103	99F84494DFB111439AC9AF7066807DD1
BLUS30104	EB9FC0E2984D0D631484CA578606EAA1
BLUS30105	ED18275CA39284B57DFFD9A36B9246E4
BLUS30106	64858E83C9F5EF44D3058FF3E93DC1ED
BLUS30107	BB4569B43AD5C49AB8BB059957819683
BLUS30108	A8242D22ADB98B0CF82AECC0285437CC
BLUS30109	DCC6A9FE8F5600B24EBBA68DD097856B
BLUS30110	DF6FE747E425671B884DE31C180EF05C
BLUS30111	F0175F83BC87E5B2604C9F407128B733
BLUS30112	890387C6BA76740141177F2A50D85A03
BLUS30113	B335198DADDB47664246585C36702BC1
BLUS30114	4F24368D4BDF729BDF62DE4847772734
BLUS30115	A61E9B8F61A84047DC4AE5A23AE0E22B
BLUS30116	E9741A0F964D0FE5EE3023FCA348736F
BLUS30117	A68B8365819DCCFAFEC4A567186721AE
BLUS30118	31B8DC5CF13D74A04167FE4FF85D752B
BLUS30119	E362F96F36AE1826FAC44391962020A8
BLUS30120	A8B9FCCE6F5D575EE84A7899284956AA
BLUS30121	6A7F7242D458397B28701E49FFB1576B
BLUS30122	8F22E7DF84ADECA0650D2BD8424C50F8
BLUS30123	180978537A5D6869D415B33BAC79FE03
BLUS30125	FF673E71093F5215EACA08CD0DE1A95C
BLUS30126	80428C90F7D89AC4D3496A14CF00E1BF
BLUS30127	80004375BD894862186281CA9305C377
BLUS30128	E2F5E84895EAAFB367D103CCDBAA8537
BLUS30129	96CFF3B1FF32D70F04CBCA2A4CCFF621
BLUS30130	E3BF1F5C7E89CCCF5DE7C130C60B8766
BLUS30131	FF673E71093F5215EACA08CD0DE1A95C
BLUS30132	18EB3C8E1F3210D39601F029EC81FB57
BLUS30133	70D6AC3A4EED6B6F622F452AC24161EE
BLUS30134	714BF8C1FB61EEBC604422C0D2F3BF83
BLUS30135	F80A2AD954ECC537E1E37A8097F04368
BLUS30136	4B92637AB0575E239AE994C0C695A9F4
BLUS30137	19058AE35A96B5D02F62DE6CCEC3EE80
BLUS30138	084967B53BD2BEBDD4FEEDD6615949B6
BLUS30139	F3411B54A9F4A2C0D84F72A1BB182F10
BLUS30140	3F0F31605906EBE9184000AFF7BF61F5
BLUS30141	A37CB77A1AA60162DD2A4B2A4B7A9336
BLUS30142	74625CC32781F574795052239CFBF1BE
BLUS30143	0ABFBD96AB4217F7CE01A93B45B99AA8
BLUS30144	385CD3194D21463A3E1FBB4879963480
BLUS30145	E6FEB1E08A26313C4DA49B5A7563A96D
BLUS30146	A2A08E00529DFC027FED5851625C7B53
BLUS30147	A199FD0C0B8683504080DD171B98ADC1
BLUS30150	78F40C8751A5AF3695E78BDBC2B8BCB4
BLUS30151	21C27AA66577182DDF95F2627B8E5038
BLUS30152	562B1E487D140EAE42D1C581E00BA14B
BLUS30153	E6B5571AC85376EC217786C4E31E9DE9
BLUS30154	2568B18D818493ED25996D63C15EFF54
BLUS30155	9DCAEC37A5CCEB2BD1B3B149E5AC4923
BLUS30156	C4BB931B8BE31D4CBBEE71A76659A583
BLUS30157	687100C578B4BF6303A6ABC5043CFFAF
BLUS30158	E74A7181FFB7AEF7C5CF51A425176E23
BLUS30159	CF884EF0747639237C87EB7CED836556
BLUS30160	02060CC1E7DE90745559C6069CE8A532
BLUS30161	CB61F9B302A94D76311412A58344A080
BLUS30162	56AD0F1299B6C79668A809667CA386E4
BLUS30164	879CDCAE9903F2CB8327027B8E4F31FC
BLUS30165	F8E194C1ABB13BB34955A7D324A9249D
BLUS30166	7E9D6ECABEAB764D50767D6E8D1260CC
BLUS30169	FA9CF608551EDEE21FA44562229BD091
BLUS30170	6515D406CC3A8726E3F3B8F9E6E15D13
BLUS30173	CCA5C10A67A2E2CBC90467CF90479EB7
BLUS30174	755A944A9C7C1B73B3578A4665D34D30
BLUS30175	83B91177821A08472389DD5CCCD6623D
BLUS30176	DFB6210441121F391B4E354A17D36E3E
BLUS30177	597F59CA2BFE01E153FB16D322E67451
BLUS30178	D05646F1CC5D65FC09CE5E8C4633CFBE
BLUS30179	3F51DD91732411E569E9201009A0AA83
BLUS30180	A5783A87C4E984D7D3192CA50E7F180B
BLUS30181	73819CEFE085B2C8FE8A92E7F81E84BC
BLUS30182	5DC41F73465393E60F37D5B0FBAD8C63
BLUS30184	97BC03811E81CDD97BD140951BE8DA74
BLUS30185	BED17AE8C5BBA07A5B9FAD37F378F753
BLUS30186	E512A4800388B464024AE51B9321A0FE
BLUS30187	A0CC3C647C2FBEA35B18F2E8F1A3EB7E
BLUS30188	67FDF1E5FF87FD34CA1AB0788FD57A82
BLUS30189	FD7F7A2B3F46D6B117FAFFE289F6582A
BLUS30190	30CCB9B87F4320584FE56622CF94AB79
BLUS30191	792F0B3EC7757A96CFFD2EA82450834D
BLUS30192	ABB0D869764BF1450D98952B81A55176
BLUS30194	3952D1FE5BCF0D05BF82FD7A4FDD7233
BLUS30195	0E494D37640A746BB010FB92D3938BE6
BLUS30196	E03DB22CDE43C2CE79589275D6A23D5B
BLUS30197	9389B838F9A2BC7930B5F74A301A85EA
BLUS30198	4A3AA8FE766EBF78E38FFFC0BD603B66
BLUS30199	AA8326ACDAF7414C9C4458B0418B53FC
BLUS30200	AFAA8FF1C3C4336B1027FC148AB232EC
BLUS30201	CB6B63574E98BF0C182E9BCA59750430
BLUS30203	A386FC3F64906A2CEED35759E4A01558
BLUS30204	3D77D78DDC07C87ACD41585C66E91C2D
BLUS30205	72F7D23AC22C78920FD773C6580763D0
BLUS30209	1E9DEDE70DDC8532C3D18B3F2078DD1A
BLUS30210	FC8E0B7A3485267793D1E1439216C053
BLUS30211	25DD946D637497538ECABB7AAB4A7BCA
BLUS30212	5F6D51AA52227289E5D42A2D396AB532
BLUS30213	CF44F2070F65A4D68E920DAE96959C76
BLUS30214	12A6DA87735C67F8C6D72851A27A2C61
BLUS30215	9C4BACE61F9CCC92121C27733BE32003
BLUS30218	E8CC13C7D1389A1AF0468D20B917FA3D
BLUS30219	4E19257889590F518E2B4E71513D7523
BLUS30220	41B2407A90669F06A5DEB271BDBF0D63
BLUS30221	E47C07868C9B580D2AD921AF64C9E49F
BLUS30223	37154FF593842A6554D5DC2C9ACC14A4
BLUS30224	C36A8C388F59AFDA79BC4FF599E17B2D
BLUS30225	8299151AE73B19FB0CF2A405D5C21500
BLUS30226	C31A1CCE38078E181B5C356439FDC13B
BLUS30228	6D7300E9E0EACF2458DB76A846D94E0F
BLUS30229	E262A2719DE3D9B90D6C24BB8B23081E
BLUS30230	7E2CFDFB06EDC6BED0AC6C9B00411692
BLUS30231	716FF34891BF2C22889E446BF0287008
BLUS30232	D350873D65B181CEA388E0F0413FC4FF
BLUS30233	AD0DCB65665A26D8116F56C9EF9CEF00
BLUS30234	5899981C24D2CA446F0B76AA2C9C4D4C
BLUS30235	019E0909C34CEF83C906B6F2942A6D42
BLUS30236	211184C9FA361ED4CC3D7E488F398AC6
BLUS30241	5603E785E1BCED6E4E5E1ED9FE6A3C34
BLUS30242	E964FB647F4F8A9B136965F1CA906DF3
BLUS30244	83FE353FD59CD4E0BB90E9DBC497743C
BLUS30246	93EB2ED1E3456686F6B9FF9AE279DC93
BLUS30248	E32845CE9D3175088F7B3D29AD797BDB
BLUS30251	DECDA54C17DCD05D729FBA1FC84C6260
BLUS30253	B6EF5D49B15931E7CE7DA656A2724857
BLUS30254	47A9AD63D7677D27353BFFD825F7E304
BLUS30255	923418EBCA601F85CDD8BF7DB54F8D88
BLUS30256	DF6759AE3B48D838B48B05B3479AA7E9
BLUS30257	D21A0B0C6000E5B104565C5A00E443FC
BLUS30258	6FE8312D1EA7B82D37C90A7E0C0CE9CA
BLUS30259	4F5E86E71F5541C82803AB806CF52CD5
BLUS30261	A1B347A578159449CE6DB856F9D400ED
BLUS30262	33AB5FC29DEC76879D0F21E42781B7E7
BLUS30264	030D6F62DFF6913B486FA9F249E6D160
BLUS30265	23065D3F7B3AA820AC9759CBB57D47C7
BLUS30266	CA0FA3A9F58115670111E39266051306
BLUS30267	34D10719E36E873755DB03E33C368C9B
BLUS30268	02C177E45F59ED29FEEE00C8BC73E827
BLUS30269	004C9AD445F3DD508D35051C6CE29EB1
BLUS30270	41CC32952FAC3591831B7ED5BEBDB9B7
BLUS30271	6F524306FC8CB9A2C7512ED927F1F34B
BLUS30272	13FD816E62DDDD2920244561B07641F3
BLUS30273	536F6C7A96C89D075B95E6A85675866D
BLUS30274	39AAD10229A741C2B49AED13413324AB
BLUS30275	1462A7505775F4FC4F47F67E1421686A
BLUS30276	75D52D2194AC5A5EA783F3B864BF35EB
BLUS30278	A453F74E9EE48941E717921601CEE52E
BLUS30279	17776601604FE287F6CC3EA742DCB713
BLUS30280	39047E84562C42AB8DE813C0DA31B75D
BLUS30281	7C9D6BEFFDC2BD4CE5F2C68D5B9BAB5A
BLUS30282	FDF354C64F0BA8A5E141AB23192F0D1B
BLUS30283	BF407993CBCDFA98BDCD6DC49E4FEADF
BLUS30284	D6B3A3AE1463A9A9AA11680D0D7E8BA8
BLUS30285	D8A00AB5450FA1A0D91CA367F2EDD5D5
BLUS30286	DB9654C82A24BFED2CD253D7B8BCE65A
BLUS30288	981270CFA5DAEF7CD5BADA2808D65124
BLUS30289	EDCCF3B4617BDDC5F4F33E26D98031AC
BLUS30290	934F6245FD10E7B9ABABF1CA19695E07
BLUS30291	A776672D805B69B64D42E7D2F4D8CFF3
BLUS30292	061FB1A8D8E42517AE09EC514C52BA40
BLUS30293	46B49728E55BA44573372CFECE20A5B5
BLUS30294	00568DBC2F8D81D21A726574414397B1
BLUS30295	71BE7191B219D5C83E9477EBBA1E18F0
BLUS30296	3F148F1D7A1D4FDF2594366D1B1A6849
BLUS30297	6ACDA1005084FC01D9B9D948B1B5A241
BLUS30298	7D99477A795E5F0E5C716064F768BED9
BLUS30299	4B1EEE92561311229B726FEA04B82245
BLUS30300	FCF4D4F2CEBCB4881310BF6C331FBD34
BLUS30303	6048667162E2D6A1DC0DEA310E22DAF5
BLUS30304	06EB5605B8962F90848BB6265E2A22E4
BLUS30305	659EF6DC0CB4D2D12BDF4E1C6FDFFAA6
BLUS30306	47ED7E8CAD44B3F2147DF7FF1AA7BEB9
BLUS30307	CB44A8DE217B07CB47A5B9C225787E09
BLUS30308	C7E4C6BCDD4ED94BE92395A729E8F535
BLUS30310	0BFFB0304DFD84118A3CCB8D7AD41EE2
BLUS30311	5C7B1217FB4997F8FCCF2DD5EEE2F9E9
BLUS30312	0438B3013529EC8FF1CA84C03094713E
BLUS30313	DED37F60D2157994D208883EEA5F8C00
BLUS30314	56F8CFB3510DD6A1710367680B9E09F0
BLUS30316	0A209F2ADAE98B3DBD8C12BD190CCBF2
BLUS30317	B33DCA05A06C652EE82E3749E302023E
BLUS30318	A42A9FAB7A57F6107C36709B2DA17999
BLUS30319	484DA8EAF0FF86C4E28CB05B6192DC7F
BLUS30320	F747D1E07071C21A50A95F8EFAB410C5
BLUS30321	007174BE23593A751D8EFE5101257CEF
BLUS30323	FE98D9BF6B2CC8C344F93300216128B4
BLUS30324	4EAC8B4EB8D4662D1569944CF2E5584A
BLUS30325	072E7DD0555BCDFB10BF8B5C57D4CDE7
BLUS30326	C9B95B88E9550F089C6FEFBBE329951A
BLUS30327	E2E8B9D24B6251461C4AFD86871792E3
BLUS30328	76782763B480E1A3855713DBE5905775
BLUS30329	90E31617200E5AE3119D8B607B2E57EB
BLUS30330	77D0FCCEE7FED0A5351ECA2EBFE09C43
BLUS30331	2FE726FE8AC986342169134F401DD569
BLUS30333	52189ED52FA50DD09EAB2B422BECDABA
BLUS30334	403B6366A0DAB762619D2487643AB27B
BLUS30335	2E4830A3AEDD2E32D4727EA816174A12
BLUS30336	11AC5C352DF25D9982D97F0D4B0C2076
BLUS30339	60B5BF3FA5567A56F389287EAD01F251
BLUS30340	E893CD05BA4C15CE140BBC72742A26DF
BLUS30341	EF0043AC632B4D713968CA12FB41C540
BLUS30342	B451A12932B354C702844E1449EB9311
BLUS30343	1F8437F4DE2AF9F3C78524A97FBFF349
BLUS30344	DB60C102FC0D0CE7773DC746DA6B1B23
BLUS30345	612B8F5743B544DBEDE248E1E2287A3E
BLUS30346	17776601604FE287F6CC3EA742DCB713
BLUS30347	20E03C36B7B29E9E4F648F836F438EE0
BLUS30348	57D23E3C13C6D3FF595F68B26FB9AE07
BLUS30350	90F08EB598491C09B611DD58BF6C7CD0
BLUS30351	CD251003F908CAA99F8DBB97BB257335
BLUS30352	CC82638BC39039B34DB3085914160789
BLUS30353	968C6D4AC2331A848E2B25C7EC82170D
BLUS30354	9DB7A4305D2905A6312DAD9D3E08D308
BLUS30355	7A8137B620AA1A276CFEEB243E1DC64C
BLUS30356	3AE63B7B74BCEB1023C1AC08E627F29F
BLUS30357	B1F3B7620877732B2ADE46DBC905092C
BLUS30358	C76FEAE734D2E72B86C36B811949B67F
BLUS30359	DEF2B0FB1A35BCFCB1E8B55360162A43
BLUS30360	6C9DCD774759D20229825A37C47C5F91
BLUS30363	1F2E8553327C29D145E7CA24BC23A8ED
BLUS30364	0726294C20B1D67E9E7EFAC78CFC3C18
BLUS30365	75B974C197C72CDD401CF6CCE1184666
BLUS30366	D2EC0576A4FF1EA43A487A914688B69B
BLUS30367	1860279A6F95F5BF95157181DBD0B3CA
BLUS30368	8BEE9573CC0663D45C17C73FF97805FE
BLUS30369	33288004E1C59B723E6DF589D145FAE0
BLUS30371	F373FE07522E67D65550049194D91DC2
BLUS30372	32026C1109A4BFAB8BB7D2BD5FD59CEE
BLUS30374	69F4B58622DE4B65471553898467CCC7
BLUS30375	27DFC844642076E69D996DDFFAC466D9
BLUS30376	1DFCB3EF24E7407034E50B4EF94C6B27
BLUS30377	CAF10E9FD02FE8FFA4AE0A7B5A4937FB
BLUS30378	C8E6B6E5CC3735DAF2683492703A3A8A
BLUS30379	289551940613D4329294F0DE5C8E352D
BLUS30380	45A9DA9F651C52D5E897FFAD881C82B0
BLUS30382	D7FE55E721C72F1D8B56F45D047CC503
BLUS30383	B8441B45F32FB28BD76136E3269158B8
BLUS30385	35A2D12A4A2B80570346952E606A0641
BLUS30386	A5B1A2042BCF7715A21B8AD3ED984FAB
BLUS30387	EAEEA941CF0C18637AEB8A39274B2AF9
BLUS30388	811E6DD816AB571AFB33183FDB326508
BLUS30389	43DCB22A80D389778C568D60F6EAC005
BLUS30391	382AE8A93C84F95694ECB9B208708A1E
BLUS30392	17FAF468FF7B9952497CE9D3821F31C0
BLUS30393	C7112D369018A84BCF329E259C8FB1A3
BLUS30394	F7A43758A65E7090F6AE8580A376A2AC
BLUS30395	1ECD5C5E429F31A2FC3E7EB68EEE6FBC
BLUS30396	0928795436D5A20BC0C31C149A8289C7
BLUS30397	E168694C6DAD4B73919A7CD970A9580F
BLUS30398	F7C8E7A15D40F11965B7AE8CDD7F2458
BLUS30399	D7A1602682E8D3A9F3EAB9E0B1D99857
BLUS30400	ECA0D1BDAA92CDC24BE9C5571FE6B25F
BLUS30401	24B94E2A25B0CAE835F41D0BAD378944
BLUS30402	761D9540377483104C2D4D1DF83E3A0D
BLUS30403	03A9785B6D1D91F5F856D97106ACE781
BLUS30404	6F03337C1074BFDFECA4F169E4961744
BLUS30405	3F1EA57EA8DC4011BDEC0F31DB306C7D
BLUS30406	B28CF995FE2B46A3D33D77395B496937
BLUS30407	72B4AA684FA9452448391AFD377494E2
BLUS30408	D74E802DDA6970EF803D89B0C62F10DB
BLUS30409	8D07FF08F8D3F7906859A529CAAD3F8B
BLUS30410	71E3CEE7C8A49BD7D3FFD7F3B1B78F06
BLUS30411	F0E1525CC6CD1D8798B3DAC080AC1B6A
BLUS30412	71935F1457CF965BA4636548E4F8CDEF
BLUS30415	E716D67BFD82BA8AE5835B5F0D1412A5
BLUS30416	9E0F303B98AADF7F1D92D0F6F1B93DFF
BLUS30417	FD79C2B03F28B5DD581C51689B9A4F48
BLUS30418	BF64C4E63FCC3A965025A8D299AC57EE
BLUS30420	10F1376849D3231717A5155249DB51B7
BLUS30421	90AAA2BAC4627221CCC5440CD8EA7E7E
BLUS30424	26F7796F307BB031BCD69315B797CFE7
BLUS30425	87C99CE810A64864BBBB33D2CFF4CA0F
BLUS30427	A3D3CA3A3BA445D3D305385587F0BFCA
BLUS30428	39DE1333AA1C8DC9C1AACDBB718CABF6
BLUS30429	E5E80496854F5702163DF6BC2307245E
BLUS30431	7CB19CE5BC337F0BD98438BA965ED2AB
BLUS30432	A6B0B1A49A40BB4B7117BBF180D6023F
BLUS30433	4B4A2E027A5927843CEEAB3C07A44C73
BLUS30434	7053402AFA9C4FAE5A9F5F20B1C66236
BLUS30435	A5724D430EEFD2553983D4504649DA19
BLUS30436	6928A55A57D5A1F09D6D0964B1302058
BLUS30437	F72EA711476D07F1AB378CEFBE347BC3
BLUS30438	C592C9AA9FE36824A0D85168065889D1
BLUS30439	2A864A5997E550118D2B41AE59CB545D
BLUS30441	4289E88F089FA48BEB7ACDB5E7D7F959
BLUS30442	1ED4D74F6BAE248E567D412CD6555ED4
BLUS30443	9334D5FBA26A6B4E6F86DD3585B88E3B
BLUS30444	C198DE00955E4DBD5D23058225D11870
BLUS30445	09659C74B55BDFCA7FE34FF78B76F20A
BLUS30447	578934904C08146235B81E9FAFC141C9
BLUS30448	EAEFD22B77A2D2668B8566B26210A2B4
BLUS30450	CAF10E9FD02FE8FFA4AE0A7B5A4937FB
BLUS30451	D5279CC30EFC2E7C7E6F2B569319A0A7
BLUS30453	A50887E2D064C07C50B2BF6B98CD01EA
BLUS30455	C5260DD32465A7BE680A6CD0DA3775C0
BLUS30456	9A41E0DE8DA6F6FAF7A33A11FD563D3A
BLUS30457	92BD42641CBA9D6B0BB0AF51C6ACC7E3
BLUS30458	D05940F026DC054918D3D3BD807B909D
BLUS30460	A776672D805B69B64D42E7D2F4D8CFF3
BLUS30461	D19BCC66010E917352134F63F824FE58
BLUS30462	4F60E763ED870444A07DE963DBE23E8B
BLUS30463	AA60A1C8AADD5EACAA900CCFBAF29505
BLUS30464	A7675BEB4FE7562D664676F2350A3086
BLUS30465	61B50F3E3CA6DDDE953BB62833E05F58
BLUS30466	E2C169BD14C505A65085DC4BE387A0EA
BLUS30467	25729045EFA05E90A34D7EC8A231285F
BLUS30469	E8D15262AB79BE82FDB0B4CCF37898B5
BLUS30471	A0C5CE7E657909479824ACB7C9B073B2
BLUS30472	0DAE44AC8D38FCB80D27889EF23FD614
BLUS30474	BA56E7033D2EC9D8DCB79DCE6AA2BCD4
BLUS30476	20E302F929684CA2147CFA20D2F31E31
BLUS30478	0D67AC2F3562A97C4FFB039DE3BB69C4
BLUS30480	C5D3A1763C55707789084042EA730136
BLUS30481	AFA263ED1E09FD1CB8C6206F967218F8
BLUS30483	0057E7E55A702DC39F3B9285E636A991
BLUS30484	3B7A3D8132172AC30921F25BF194EEDE
BLUS30485	3ED47A894A3EAA47F28931C5F9058CE0
BLUS30487	1B101487D0FD2C6B041B71C20029FCFB
BLUS30488	CBD7E26B22FB29EB19DD99C7672CA1D1
BLUS30489	619AEED7E9331892B087A13633B97DA3
BLUS30490	E152AE2CEF05915DFD5FB307A0C062E3
BLUS30491	E28F4744BB8A73B07DC75C24BF8FB747
BLUS30492	8EE5A9EDDA3806DEDCDF41AF5DA96E7F
BLUS30494	33C4DB0FAAE5616AF0B86E584F63D5CC
BLUS30495	97CECD559A6017F90430C54CD8EF9B12
BLUS30496	E5F6CEDA43261DE2CBF0FC40214967D7
BLUS30499	3F1EA001A215AED5F704866639C8E012
BLUS30500	A3277A203A1F0B63C7EEE901DE48CF27
BLUS30501	2237D145C98B606B6404D68BF59A100D
BLUS30502	443ED37CB13A4BCDFF1F713EFCEE03C6
BLUS30503	06359EBFE19AC87A7079EF62C46C655A
BLUS30504	25BAC70BEB6F79EF46E704352669A1BC
BLUS30505	E385718602AB9B1C675946EF379F4E0E
BLUS30506	2AEFA773CA193AC1C9C4DAB3F78778E7
BLUS30507	34F5F33DA2303D53718BBB4049C8BF73
BLUS30508	4E3213A0EB895ED8EC6D7A717B4B8B62
BLUS30509	D8C22AF466A8B27F0B69956347A0A9B3
BLUS30510	2EACFAE5EE7037578F294B4D6CFA08F8
BLUS30511	98E5CF64566E146DCF4CB31FB41E11B2
BLUS30512	1A06DC140E1B63152D4BDE54C196B990
BLUS30513	36C54B0E79A575821F159426D55512CC
BLUS30514	AAD053050C92215ECBA11B0FA94BD7DE
BLUS30515	ACBE3723169A87C45F793AE4F03D6498
BLUS30516	38FBF455C4007F92A350DF7060FFFEB2
BLUS30517	0A169BE484C88F8BDE2B953B667DFB01
BLUS30518	FA5E6398482B7C2C01733BEE447B06F7
BLUS30519	E3AE9986173461B469FF20B14BC123D8
BLUS30520	E091AF1E29ADEF094E87C4FD4BDC3D27
BLUS30521	FEBE961F3C69CE74A975206C4D2ABD7F
BLUS30522	49FC6AAEFEA2E50A7FFE7528C991F184
BLUS30524	E579D6641273E98CABCD75B4755FC77B
BLUS30525	AB533A3F12D9B4185267DDCA23EAFC3E
BLUS30526	3F059481F18103EA4C120D53AA77DF40
BLUS30527	004E4E8F3F96E44BEA395F2047C65C5A
BLUS30528	D183B728870977E8C5184E615FC0683E
BLUS30529	D1A159ED087687FFBA7A2E7E92C97B70
BLUS30530	87B9F0953DEDCCF187394B467A1C3CE4
BLUS30531	F513DF1E59141E6C79984153E593A254
BLUS30532	56F18D8456CD7D6EAD1548B1D003C87C
BLUS30533	A406C95219F6E12D80F73AC2783108ED
BLUS30534	6264E46376351616D290F9ECCDBD7887
BLUS30535	36A1CAFD47DCCF9C2ED40ABC61E1D054
BLUS30536	2BFCA18D43BAF5A0057F02F9D261B616
BLUS30537	332A1E5F6AE93AE9288543410A1CDF0C
BLUS30538	E0A7C3D02FA9A4A66162FACB771F06FC
BLUS30539	DFA9577933CE853E815BDACEC43C61E7
BLUS30540	9491825C9B2C8792ABEDB86EA4317D41
BLUS30542	D163C80EC180EF0DD989FAE5B4C294F0
BLUS30543	DBF91A95E046F9F17BD54DFB32512A6B
BLUS30544	A6106F96905F89D684EE38997CC6920C
BLUS30545	49C9B309FA71D792851FE672C91EA22B
BLUS30546	7F72FD129D3875DC68D3CE1A52072483
BLUS30547	548294A591F6916BA47D21066DEF421E
BLUS30548	E86A0510A74A63CF3DF83947D0B50445
BLUS30549	5C6FAB91E51C12358948B5EE19FE1D9D
BLUS30550	E64D154F3A6363AF1F11DC23D7198568
BLUS30551	2E3292E49204AC2E81FE73F067F16236
BLUS30553	56DC24FA19A8803CFB1788871A0D4AB0
BLUS30554	539A87B9E565F8088DDC950A7CC39782
BLUS30555	F57E51B4FD9FF06DBEFD1C493D0B282A
BLUS30556	FEE8EAD874EC95D642E7351D712AD366
BLUS30557	5846B651725D383EFFCF32221EE7706D
BLUS30558	96AB54DFCE10C69F6698CA43118A9120
BLUS30559	1A60B3D2D91B069935C8188582095A98
BLUS30560	8AEEFE73F80C8EF952F2811513A1FC3C
BLUS30561	3110F49D2AF2B9E0A90636C08C681DE4
BLUS30562	E40B60CEFFF899F952C1B35C58102355
BLUS30563	D8CAD4D6B208AB7926A0DE6FB64838EE
BLUS30564	7FED0D97E69335E2D162E40600D461DA
BLUS30565	F827A09B052C3660B51E5E2D348630FA
BLUS30566	228444B24F3C9DE91F061360BCDDFE72
BLUS30567	A5DE01D5EEABCFFD9560B60AF95C9919
BLUS30568	D021160D9893361B2CD4FD8593452C65
BLUS30569	A26C4EEDF3E90C51F7B061A914804B80
BLUS30570	477CB8A9AE86E11103005314ECAB1DC1
BLUS30571	28D41B1947A5687A4394FDA0CD833E04
BLUS30572	FB746C0E494DDE31EC23CCA23BF76ED0
BLUS30573	90F08EB598491C09B611DD58BF6C7CD0
BLUS30574	DB09C73BB3752B15DF249FB9D0B13587
BLUS30575	DE4635761BF8635717E36105756C0E9F
BLUS30576	CBF35901F9144B8125BEC3D4D40639A5
BLUS30577	09CB86F6E15A1B1F093E9C75015F5B4C
BLUS30578	AE6D26AC7B744E6D74E0AFCB1F349146
BLUS30580	6B90BCAC6079C66E7235D803D4FB062D
BLUS30581	9354A98067D7283CF535D082B64DEB89
BLUS30582	2E235BCF694CC69B856202E1A957F6F1
BLUS30583	BBD158B8517FC4CD89F8ADE419B91939
BLUS30585	78D489F5F7F731966D8BE511AF825BBB
BLUS30587	FE2ACDBC6E5910B8DE216E5B584BF69C
BLUS30588	2934BAF160B0C6B12B56CD5CC72CFAE0
BLUS30591	A9FD440695185FE000888C7682F2ED9D
BLUS30592	8233C7EF9AA78678559DCA1713B50190
BLUS30593	BE11531A66A4A2C99BFEA370CBC08795
BLUS30596	6A6D21ADFED19D3A08A65C5387BB7761
BLUS30597	EC57CCD0EED598A87DCB81FEF96E984C
BLUS30602	60B1CF9D3EF8F82A5228B02962F2CD77
BLUS30603	C9F62A9B80D4F2703D12014F3128DEC2
BLUS30604	61C909FD00F5C5D158F49322A77DF20F
BLUS30606	4B904111FAA7F854DB5A7EE461A93DD3
BLUS30607	06753F2FEBD40169249CF4674F3B903B
BLUS30608	E84AA4D9657B3D9134F2BFC8B66F6393
BLUS30609	9299E1C8CA7E45AEE556BDB90593BC5B
BLUS30610	B45F47AF75C8C1C2FFE5DDFD8F063442
BLUS30611	76765E00735F55FDE27B05A0FF721ACD
BLUS30612	E637BED1F1D5412A0AC9697CD72A8C78
BLUS30613	AFD12BEF0CCCE8010A66C3378F1FBDEE
BLUS30614	429BDEB146087601808E4AD233D1CDCA
BLUS30615	4091492EBC2BF14E31D7E924FB1B86AE
BLUS30616	67E25E25C61898621B4B5A657794CA82
BLUS30621	1B172BEF82C0A32436AB988B4F06AFCD
BLUS30622	7DBDCC55DE3BEE8FB030837FCA52825F
BLUS30623	D78BA7B8C0609B08EA431A3B65C58E5B
BLUS30624	3319299703BA2D4EB607E0B0C19D0BA7
BLUS30626	8DADD8087EF80947A29D40C9B47742C8
BLUS30627	A3277A203A1F0B63C7EEE901DE48CF27
BLUS30629	138A212D1782440D9B88DEFF6B5302DB
BLUS30630	F012944463E61325BAAB3A68F9BA6213
BLUS30631	D88E7D792DC504CDEBE23FF0A9DEED7B
BLUS30632	D6123E95CF0B7FB7AAD090D31B004DF0
BLUS30633	A40A916166EDB6F98856704CC48D1CB6
BLUS30634	1584FE08E60CFB0EFD826BF05DC95E98
BLUS30636	0A94B7A30BF3BD2AD1F9F9CC2D718974
BLUS30638	A9FD440695185FE000888C7682F2ED9D
BLUS30639	6AA9DA03544131F6B88080B63286BECE
BLUS30640	A808813C2B98C851082B7AE5A5275236
BLUS30641	AE247518D7495F437370101EAD1E1DCC
BLUS30642	1ED263405BFFE1CA97535800B9DCF14E
BLUS30643	CF997A23CA80384BB69468956CA3B652
BLUS30645	58206C2F6666182F96FBDFCB956BA0A2
BLUS30649	4D6B592E36FB340AD17C0422D9DEBAA1
BLUS30650	2559E21478C8F3A411605B1E5725C287
BLUS30651	45649BFA85AE5BC1E5548E0B40FDEF50
BLUS30652	396326AE3CD9E1EA1E9E923205EB53CF
BLUS30653	650CD9CC4DCECDC830779F70A524E97C
BLUS30654	F3D0455E7AF2DFF348C2B3A8E1EFC7E1
BLUS30656	29E00C15B0B6F7966B8180AED9EE10C1
BLUS30658	775A96233C5BCD59982830D7339DB8C7
BLUS30663	307CECA02064A1F080961804B5D824F1
BLUS30664	BA6E527E5D435EB5FA5BC5BD08124313
BLUS30665	5247F8225D7695A00BD02BF21A66E9B0
BLUS30666	7937148DC58CFBB96E02C0760657B88B
BLUS30667	16DFFA2A7F2641DE3F59AD4D28367C44
BLUS30669	C82F568D14F1909278BEFA2B65AD75D0
BLUS30670	6F2F1F18D3D3C3C47BA84E9580D2FB5D
BLUS30674	B5881576C99B48CB8E16178C06401405
BLUS30678	6C7196A0A4F46D1FDB6D88CA4C022954
BLUS30681	D270195E829D76E74034FDE738E1816E
BLUS30682	277B6DFFD752D9E637ED0139983F2D90
BLUS30683	E2002817D8698CF11E5E6A120DA2391F
BLUS30686	C8550209D744C92A7A54D308940CDF7F
BLUS30687	0429170ED1A19E77E47F4AA26835A793
BLUS30688	B3EDAE8140092607321F228A1009D21D
BLUS30689	A843ABC97E96E6BB2BD1E8234E77CA17
BLUS30690	55D87216CD10BD5A6D9D0177E3A193AC
BLUS30693	8A3A30E7A9943D22CC266C0429FB2E9C
BLUS30694	7D2AD8E18F20228A2C4D4AB8548FF345
BLUS30696	E0DC7D4C8B94EF487F1BB2C3EA15FB75
BLUS30697	D990A97199DB6EBCC21A9B1CF8187B19
BLUS30700	E5EE0FC69033E05219E6A734B4C4B84D
BLUS30701	A69013A82F164F75E7C5FAE61E8C3A70
BLUS30703	B19675808365C21BAC4DBC6D744D1793
BLUS30704	DC4CDD1B980D035BCD2033A165A826DF
BLUS30705	70218D5D1183419D8E579835CBA36118
BLUS30706	80EA62D08056CD5FB6227AD34DD56AA0
BLUS30707	0720EF59F88A31880907FFA26F0FAD6D
BLUS30709	B8C0309180AE9465DD5294B653D8C6E6
BLUS30710	31B7124F9431C2C48D1771B7AD83452E
BLUS30711	4401C1797D5457875CE8C3352BF5A889
BLUS30712	15D43E46FB2A74E1BF96F2C15B5AAF69
BLUS30716	A22140B1BAD7A1CA5620E956409F47A5
BLUS30717	A876933F085FBF987F6C04AEC814637F
BLUS30718	449C6E7DE7FC33A0F1427B715AF36992
BLUS30719	59894D8C6F533BCBCB42F9D93806FD64
BLUS30720	E73A14E99CB9FAC573FF1A8D1DF76401
BLUS30721	577223C767FB49A88187007CC2FE464C
BLUS30722	BAD30CC867EE5450595DDED3C60F6CA0
BLUS30723	C9468CD2D14314458B5512AF78C5A45B
BLUS30724	27846A10B5A0384390ADF80A8658B04D
BLUS30725	3DD17F24D8C563BC342C44B3438075F5
BLUS30726	60B9B2B93182738263D9DA5A47779A28
BLUS30727	BE4B141D10725EF29A18B2E4F90F9952
BLUS30728	DFE0192E5E150271844D8065027CC9E7
BLUS30729	3F0CBB80E31D3028460E2D8133BD1C41
BLUS30731	C5E1CB84CB64708E06A254B4045B83B5
BLUS30732	C7E2325BAC2E92C35DA42BF23EEDCD09
BLUS30734	A89E76707BAB17526048B37A4180C819
BLUS30735	536EEBAD1020353514E678C6B3EE2748
BLUS30736	26EC3304FD12353B9B02D318234071FF
BLUS30738	709542714213144F243BB87D5924CD69
BLUS30739	5D665EA304A4D1FA5C8FD19AD03365D1
BLUS30740	C46EB779BB63B675E1EA97C71D9F23B5
BLUS30743	799DECEFB3F5FFB0BA992B3095B96550
BLUS30744	A3F13E5BBBA02286418287DD704D943C
BLUS30745	D61C10556909514D769EF934742ED200
BLUS30746	7DA4B12449DF593E90C68052BE485D5A
BLUS30747	0AFF1DD1BC014E9C9C6E4D3076628F20
BLUS30750	0442AA9E50B9FDD1EE922E2469936382
BLUS30752	2FB12C85FE5EE00358E31060CC19E668
BLUS30753	17ACBBCA8E3D57BF6F70D887CDE92F02
BLUS30754	AF14878A8E0DEE83C560B8721660F637
BLUS30755	25122E68007812462E65C7E0D0E02540
BLUS30756	7B6B797F4BA39994D76DCEBDE762EAF3
BLUS30757	6627595BC1C25E20881BD568AB247AD6
BLUS30758	D3D1E38C3E503BFFD7FE6D0DD631D9D3
BLUS30759	DE98CF4FA436CD96837CEB430BF0E277
BLUS30760	5C58774A13F35BEC6F7ED68F47F8F578
BLUS30761	91E86C115DD7A6155A57A688BCF6F96B
BLUS30762	0106D1E1615D1CDAE9BE07FAE372FDB0
BLUS30763	99F3128E786F952E9CF970DDA57B4269
BLUS30764	B072CF03843C5ACE4CCD46184DD823ED
BLUS30765	AC8AC9F9B23B1751889DE5B1AE3D693A
BLUS30766	A010F04631069D10F98DE2D46F2D7B0E
BLUS30767	50A0D50CE393F1DCA504070BC473951A
BLUS30768	3AD08B9BDD1E9099A234006D47C0537F
BLUS30769	B2B101B8D20501440ABFADA950DAD2D3
BLUS30770	3B339B53E9E6DD38E1DC1037312679AC
BLUS30772	34F51224D58F46F652EDD2F222D36D26
BLUS30773	EE94996FE1B17EC372C9346CEA3FF774
BLUS30774	1C824D67EFFDFED40138809348AEA7BA
BLUS30776	4384A162B16EFD38334382F0448DC675
BLUS30777	EDE7B7BCB849E5B92102DBD3BAAAF4F3
BLUS30778	DEB48DCD0FBF7EA28D89FF1D98BB4BF9
BLUS30779	6CA58B8FB21F3F93A0C275DDF6FBF84C
BLUS30780	00A8B21954A22BD140962E33BF4E27DA
BLUS30782	6139B05882A098753F22958DD846BB92
BLUS30784	AF3FEB63D219620552B852AC4CFAEE53
BLUS30785	F12E7F601AE5AB7EBBAB51F5AB006343
BLUS30786	7F3D75535AAF30113B32C41E54ABC17B
BLUS30787	33D382800AA88119A9B00433FA5F63CB
BLUS30790	081D8D253727516E4875EC7102FD199F
BLUS30791	733DD916CF71E473904F6FA4F70FB148
BLUS30792	A355D78BF2B601DCC29B2549CDEBCDF9
BLUS30793	B0EEB0F6D660CF6FBB32226A817B22C3
BLUS30794	A3FCB46764293C6E5A0D7B749A63EFE9
BLUS30795	1AAA5078CC6A1DBF3628BD2EC524AC3B
BLUS30796	79AFBEBA08A91CB4FC106B759C57762D
BLUS30798	CD2A24209D3D5442EECF3E305AA8AF5B
BLUS30799	DA51757D5183744928F36E3ADFC29AC8
BLUS30800	4671D08CD9DA884F06DFD92E72A858F2
BLUS30801	732822BEDF3A481B657A101936D1DCE0
BLUS30802	4FD3A5A20D23E8079C3BD76762FA66D8
BLUS30803	813FDB1FB4B1ED82019EA2BA5781DF9D
BLUS30804	BB46D148D5A74FFF4ED9204542C5E939
BLUS30805	0F5A0E71AB965856FCEEF8CC1E8DC525
BLUS30806	6318D883E448BEBB4FF289CE0678A434
BLUS30808	3D2EEF6365D2F7C23B9EA4EA555C404F
BLUS30809	DA193E64F1AE84E1D05B264410F07D1A
BLUS30810	7031E385528F8EBA1B537380FBAE1071
BLUS30812	B865A980D2764F3B88F7CA5899ABE63C
BLUS30813	2AE2077701588519E17539A0D106DACC
BLUS30815	8DDFA864A556C38A0AD771A82F4564FD
BLUS30816	E12D6202E2764211E7C78E884BC8D733
BLUS30819	C9B428C0A018FE78ECA8C5A082E1B423
BLUS30821	7872FA59EEDB2FA9BE22132AC3996087
BLUS30822	65912C787CDC921E06EDDF999F8BB265
BLUS30823	197F3626B5997158A85CC8F6A7A28AFE
BLUS30824	C8342A97BB6EF7F3F1A318E1153BA123
BLUS30825	3A2543045A1FE51ABC47A604EF3977AC
BLUS30826	6CFBD5E9713022A9196EE2CC24FF4FB6
BLUS30828	178B819BC9154882E8221184D238144E
BLUS30829	FB614222267C02CB753C193547556F1E
BLUS30830	157CE91A6DBF405F60FB81995E5308EA
BLUS30831	5596C14D5F3D15B6DE70FB6999CD64F5
BLUS30832	06D6FCB54A647023512509496521080B
BLUS30833	CFCBEE19DCC0FB6F793FB6D920EBAD60
BLUS30834	2ED138A8706224C775D09340D217DC5E
BLUS30835	EB97B659A051D9914F92089FEC9A9152
BLUS30836	325CE07FFDEE0496E8B820E8B9B089C2
BLUS30837	688978AB300FEFA9A8226DD47C917D17
BLUS30838	B7B7037AF9E3BED0308E7B89B9896D8A
BLUS30839	0C40780077BD53EEBC29250BCCE9E0AA
BLUS30840	8A96268DEA3A56CBBD6B901CABA2E19A
BLUS30841	2893E9295A94E124D9E3ED240DA9B0C6
BLUS30842	080A0E7ECD15F6ED5125224A3C526AB9
BLUS30843	E1F08121C35B5F63A72A1647FD179C4B
BLUS30844	E3F58539EC29F1976DF04320F112F863
BLUS30845	622B8A005AFBDB27D947823784F5AAFF
BLUS30846	DA948A260A43E3DA307B18067067CC59
BLUS30847	3482C5CC7ABCFB450D933F72AA5832CA
BLUS30849	B5C3ED66DD7F9B462BAC49065DD668DF
BLUS30850	1845116BC4DF62C07D3B17A1F3183ECC
BLUS30851	3C9506FE1FEF1088A4733323007C812F
BLUS30852	958FCB207AE1654706033958CDCD4AD1
BLUS30853	71C8832DCFAE2350A478F3002288A870
BLUS30854	93969D29CCAEFD4C5DC345A88F9EEB12
BLUS30855	CA679B5CF0F41B3CBEADE1CC5B09CE3A
BLUS30856	67DA54EF54F4D164E3AF56D2DFEEE3E1
BLUS30858	AEAA54F5215D4691C880C430C9C4508F
BLUS30862	07B221CCCF01321B2E394289929092BE
BLUS30863	68A585EF840F47DC66BB05C2B6255C7C
BLUS30865	213409201D160317E85AC348E29A375A
BLUS30869	7C4C76A7B93999E60E8881902519E884
BLUS30871	532FA78F7B773F82FFDDC9903949A54E
BLUS30873	002BC291E10656FF6A0A14BDD876DFB2
BLUS30876	25D5E87B3423E19DA030489199C43627
BLUS30881	12231799CDA89A41C777BD7BE0A789A0
BLUS30882	CBE8DEAC69126584CA9D6A2EBB4422ED
BLUS30886	C0FFF14F8FE4A830362FEB01AD35060C
BLUS30887	DB4AB9BD6699EC46C258FEAE66A66125
BLUS30888	21D0F758538BB2EE7481D9491AE223E4
BLUS30889	648E270185373BFFF6EDD13368158397
BLUS30890	33E83D472304130AA9D4AE39F68100FF
BLUS30891	16E5CED068451152A8A56C97BDBF4552
BLUS30897	807D1E00B59561C9F07B29DC82A6B140
BLUS30898	60DA6984B5785BBF76228BBD61DDEA5C
BLUS30899	E669643628DC2A64A12303BFAA5CE3DC
BLUS30901	57E8B19644B4ECA7BDD649203251AC21
BLUS30902	026B8574998B4E952E171B80579C11C9
BLUS30903	4426A82C564AD0BF3DE3DCE1566FF22A
BLUS30904	50113D5025B316F8496C11ADF62C1A24
BLUS30905	94DF762FF7E380D3839D61A333B15B78
BLUS30907	0613827EABA81104D5C012A04A973FF0
BLUS30908	98720E25B50341E830F015A165844F7B
BLUS30911	FEF6F2696955E26830F82B8A84E9BDF5
BLUS30913	0C50183A6CB80E34F5D7DF6A3513874D
BLUS30914	D9E62CE9B89FAE3AD6B07CE038619862
BLUS30915	3177C46D24A4976EC37AA31FAFCFCAD0
BLUS30916	77EF0887FB4915A5A9C4BFD34AE97FE5
BLUS30917	DC0F218AEA480B111AEB537C2A75DE38
BLUS30919	C0D7DA0A597706C70426BA17A51CC41C
BLUS30922	5C83BB68E3D6E5596B71239142351FCC
BLUS30923	B64C1ACE6A947E814E0DAD259E15E0D9
BLUS30924	084DEAE13AC1904B27B5D0D1DEAEC103
BLUS30927	5DE0100CBCDB77F972C4EB0EAA076FE6
BLUS30931	D676A2BD7BA2241CC9EB20E9F041EF7D
BLUS30932	96539CE6C4CFEF285A7321D8CA190B32
BLUS30935	27097AFFEBB88862AF640E429041149F
BLUS30936	2A25FFA79F5A8B62C6C6F4206E3D306A
BLUS30937	B9CB26CB4AAFEB8D07811628A38367B9
BLUS30938	8CC95AA819AF3C9AFF0CA961F629676C
BLUS30939	B1983CABF77545B2981711A13121B2DA
BLUS30940	8D63111EE1935C12552DCC89BC60708D
BLUS30941	DA8D9399A1539AFEAD1E3CAD3D8402B2
BLUS30942	CC55114E7B24FA9E64C4C814DC5679BE
BLUS30943	DB3439AEEFA8364ADB0E040548F3580E
BLUS30944	544CB701B6207CE086BEAB6E041F756D
BLUS30947	1A660CA4DA8CF707C3F4C5C295B62696
BLUS30948	496843748E13D8E0A83915C98FDA8C4E
BLUS30962	EC79BBF5213478609F82210E18D8D0DD
BLUS30963	BA1641CA6BE1B47B14F59E6AF566EBB7
BLUS30964	E4B26021068F155C690373956C6F1EDC
BLUS30966	039A6B4F1B345BD16889BB16D86BD582
BLUS30971	C2F46A1D6905532992D17754FB12E55D
BLUS30973	630F32D8F62B197AA8F1CE3409267125
BLUS30975	A8C746F45675D117F9AB7F04C217775C
BLUS30976	5B85390D478A54EAEABC72903411EB59
BLUS30977	519A21485D827170165496AD70C67260
BLUS30978	005A3DF67C113FF5A5B985A8F7D79934
BLUS30980	9D78C851ADF9EE7F08D5AE771BA1E8A0
BLUS30982	FAE9E8599E72D282CCE8EB928F33CA64
BLUS30983	14FB74B1EB914E4D08B1A6C4FBF3B98B
BLUS30985	32A042E067A50E46FA3296EE9FB668B4
BLUS30990	876C6A971CA668FD9B34A639368C6FF5
BLUS30991	B3432C7041D688C6ADE7418517E245A9
BLUS30996	057208F4DB9DF6AE99AB19A59FAB0C0A
BLUS30997	A65AADCAC685E89C3B3C5A7305CBF515
BLUS30998	34BB8790B80B3A1A8034A8BE2B67EA91
BLUS30999	AE8FF28C23C14F4F234F4F0B4F230A8C
BLUS31000	4B62BD9B2E8B695B714067B949BF7EB9
BLUS31002	3740C574CE8F44CACDA2FA26CDACD8A1
BLUS31003	39748B149AC2B5F31ED06195FCCF1F05
BLUS31004	03DB6876A50FC351FD5EDD113235F36F
BLUS31006	4213ECB162A562CFA740F06AF6F622AA
BLUS31007	31260BF0FE7DA539789556288104B6A3
BLUS31009	E8015B8905978A4027A75BB4F2DB6CB5
BLUS31010	3A20DBD51BA1800011C93EC7A1705E88
BLUS31011	D95B3284DEE9268B038034EA2DE069D1
BLUS31012	F52E13438774FEADE9EF7BCE88D8B56A
BLUS31014	FA4C1F43AD1F4C99CB8E3027342E3DB2
BLUS31015	0BDC753150EF9C463CCFFE4DB58DDF56
BLUS31017	732FEB6C3BDE16C8BF875B51E82C50E0
BLUS31018	0E0B3CACBCCEB240F1825B122EAD3298
BLUS31019	F5062C506924FC1A451A9AED37FE0681
BLUS31020	6068FD86ECDBBC3272065E9133CDEDB0
BLUS31024	2A52159389B77D9647E36C00C51A521E
BLUS31025	64F733C7CD43E234D1699870E20D4513
BLUS31026	7750F4F6885DCD288A03B294B35A057F
BLUS31027	4C7D1A5367CCDEBFAF26C8DD09A92E8D
BLUS31028	FA916CE8BC17E34557A042E7E7D9B70F
BLUS31029	454A77C00FB575D58548340CFF470EEE
BLUS31030	5035A3B2B6B9DE273684D0D1A5524F74
BLUS31031	C3479D45CCAFD6FCE1E14A9AD101BF78
BLUS31033	0E906C6AD7E1C27F69E3B1CE3ED307A0
BLUS31036	213C3E5809AA74D1E332C961093346DB
BLUS31040	6FDA18A82A66327B73AF77517EDFE67A
BLUS31045	215289A43953171A2A2C2182BBB303AA
BLUS31046	1A4FE78E32DF2AE4387CAF78D0691F76
BLUS31048	83D58EE7FDED8CC9125C7B880FBB7E7E
BLUS31049	1FA302EA82BB3B0813DDBE47C6FC36E9
BLUS31050	BEE979F553B558B5E48789A5AAB49F37
BLUS31051	AB0F35A60319DF35DB92C6866E55B831
BLUS31052	46E623873705A63BB7FA2B9D9040219C
BLUS31053	FFEF6158396B342D8A8BF496CB8305C6
BLUS31054	E6C75C4A2038D77990D46B2DAFCA8C28
BLUS31055	82DA814139EFF64C353B57F822CB6B25
BLUS31059	5F3BFA160E6CDF7FFF3310B2B4CA363B
BLUS31060	39748B149AC2B5F31ED06195FCCF1F05
BLUS31062	224929C0A899EB867A1999C79313B870
BLUS31063	05FD29F1F1A7BA4C459845B8D8E689DA
BLUS31064	1FCCF20D9803402FBB0848B67D106ECE
BLUS31065	5D09D161A4104CFB842F0FA169A5ACD1
BLUS31066	BC80CB6DDCE740C11C8D9E3E7450EDD9
BLUS31067	81D32E6A36DFD823C509689C6E0B8C8F
BLUS31068	0106D1E1615D1CDAE9BE07FAE372FDB0
BLUS31069	7FFF46C924A88D3173F1338C55D89783
BLUS31075	1E076175C34C754601446CA590BC593E
BLUS31076	93743937D489FA4052CF500E98D84069
BLUS31077	7CD72A694167E02C0A8551A7EEF15DFF
BLUS31079	3F3644802C36DC9BCB1325FA2D47434A
BLUS31083	3EEF37E1042AB263BDDDBADF6D88CBCF
BLUS31139	1DF374D0CF5A26EBFFC1B9D56448C24D
BLUS31140	C8E55F4C172528913A6815E51D6A980B
BLUS31141	E7A965F643EC3A24108B705E0129B6B6
BLUS31142	067BE6D3529BE4EC03084DF142C7808E
BLUS31143	E5EE0FC69033E05219E6A734B4C4B84D
BLUS31144	A34896B20B9EBEE9344ADAE3256EE36D
BLUS31145	07CCE451D7566E2C599C35C93C531BBF
BLUS31146	2D0E79EEFD801CB9FC998DE61F91181B
BLUS31147	3CD100C062F43BB32E4D8CF74FDF40B3
BLUS31148	A88B4A85CC43E8AB66C77AEACED10293
BLUS31149	7E9D6ECABEAB764D50767D6E8D1260CC
BLUS31150	9A7801AA3D24F6CE2EA68A5388E7CF65
BLUS31151	9F46887976E815737D63CBA878DD276E
BLUS31152	E9B12BD6BCBFE060AAF657E4C7EDEAC4
BLUS31153	B4496265D0617E0A6AB17AAEB525E764
BLUS31154	DF05B84E61ACE1F39E5BAA29D8B3C5D4
BLUS31155	81A9C1E23BFD625F413F206A38DAADE8
BLUS31156	5D1193F5DDE81F96D272043AD5B4934F
BLUS31157	4E4818088F88C2919FDAB3DFF9B734F2
BLUS31158	D071F3D4580C59CFAAF8EF5F737803B0
BLUS31159	0CEACDB486DA22FB280FE65C73C0E758
BLUS31160	3D5BE33B5288822E584E2FD1B3F0A53F
BLUS31161	7CF29CBE08185293E4414BAFF7BE7C4B
BLUS31162	2370935F91022263FA0878E79E60856A
BLUS31164	7EC80A6524838F0A9242B26159ED7062
BLUS31166	1B21505DDEC0C7A60DCC880B4CF41FF9
BLUS31167	74C41576EACA7E68E7AF3F4B01A199EA
BLUS31168	615EFDE9691258187309AF9910770888
BLUS31170	D32F049615E993BF57B666C06CDD62B7
BLUS31171	FEDCDB5499CF4311FBF5B995316DAB1B
BLUS31172	2C4AD14759ABBDE31932B09FB1A4E093
BLUS31173	71D1AB4F7B284EDEE995A7FFE98B7BBD
BLUS31174	B14264BF9DF851C2C7EC7F0CA60B1A4C
BLUS31175	DAD89E0283F76E493BB255306B9A6218
BLUS31176	9CDC4CA0A4627FE0CA71AD7259920DF7
BLUS31177	C3C5B7AE20E78B1D7158723C832FB8A4
BLUS31178	7B941C88AC94D65FF4A9BA6103F70BB4
BLUS31179	38C9AAE6F564C759894F1B98ECCCE37F
BLUS31180	925C62EF6CD81F548D663E5C1401B3B9
BLUS31181	EA97236CDE576E1982EF7A2B5D63FF40
BLUS31182	3115B770DC6CA83D98964CAA2569BACE
BLUS31183	B5ADEDDCB20912B00900835838F53356
BLUS31184	707C9109D9EAA0EFD8C4BB5E2DBE6D95
BLUS31185	AF660CD0D64B75581C60D6FE711252BB
BLUS31186	D3FCBA4B8E9FD27C44A53D83257F55A9
BLUS31187	A1AA6CD73B8054B02A961856C1369D9F
BLUS31188	45A5B1EBF65990781EE3AB2B0B63E6E6
BLUS31189	84EC03AD25A8E7D0B403F93AF66E5396
BLUS31190	49C6CEC96B00E0F89FB9B975DBE52052
BLUS31191	F095F4A67FE4033819357B47778F73A3
BLUS31192	6A8A787E4B327AC0BE10075E2BB6D97D
BLUS31193	37E68A6D4E4544CE0A1A322395499C3C
BLUS31194	2FFD4C794E2721E8CF24936BECD3893D
BLUS31195	A88ACEC9863782F10BC031F87A819E76
BLUS31197	C488F7E963A21C390DBC62BB9826092F
BLUS31198	2D9CA843F74450835BFD3387EBDAC630
BLUS31199	EC0EB270C454BE02F3594E549BC0102A
BLUS31200	3C7F7B68DEB5DFBFB52DB929A67461D8
BLUS31201	C91986E73B10AF091DCB58E4E5956359
BLUS31202	9748AAADF8A735B1E3FB656077E7E589
BLUS31203	690F50C9908BA4C20CAEA2FA7574661A
BLUS31204	14D29039C8FC4C749070D3A9417CA88E
BLUS31205	4148D1E52FDC6259D9D8C2135B0E2A9F
BLUS31206	36BFDD53AD348792C3FEBFB0B3EC11E5
BLUS31207	5941EE50DECF619053C85C3AA16A16A7
BLUS31208	1FE831ED750EFCCC2979E5881556890A
BLUS31209	E47B1586B81D8394FC8AC50320F063E2
BLUS31210	8EC00BCB30E37581D62134142E21882E
BLUS31211	54197A7FEF7DAD0AC586BB1A249205A0
BLUS31212	47535DC555F7663349B0039AAE27F24E
BLUS31213	C93942D026B8BE6E48BE4C85BEBE2824
BLUS31214	48777717BDBD07CEE8EFE259D6034EDA
BLUS31215	31C1BF94C76A8FF85CDC0CD65CF3AB37
BLUS31216	FC5FAA83DD801EC5F96621CC497F3B48
BLUS31217	684C44A780E1B1B7B41560BC5F126AED
BLUS31218	1C65C98EB934AC6F5DBE270149ECB606
BLUS31219	D90C57D6C04717CB5480D1A5C31BDAEE
BLUS31220	6EDF8FF118C04EFF0390DF47237AF162
BLUS31221	EBA565D7527CBDFB291334BBDE71A958
BLUS31270	DE90DAA61A224E2F84951D0483AA4D61
BLUS31273	E5C35B3365E27EAB57694BF82101A21D
BLUS31274	364267ABA8457715C1A435803815520D
BLUS31275	63AE771979A446244919495B1FA323EC
BLUS31276	996F79AFA365A11E01BE6AA79CFF2E52
BLUS31277	D3B95C9A047AEACA82E1800B0AB890AB
BLUS31312	ECDDAB1CB2035F3958CB535D3A65B23E
BLUS31313	A3187EEB9EB7E856C25796C93AD92631
BLUS31314	F94411721DEDA4260677A0A4CA807F33
BLUS31315	3318E8019D1F91045115AD4940CB6476
BLUS31316	76765E00735F55FDE27B05A0FF721ACD
BLUS31317	FCE878FEF28FF0932E3159AB1E53C134
BLUS31319	3DE7B42B0EC31BF30D9C5F49A730FE62
BLUS31320	C004337E7A5B106889C640B8F9FF07A3
BLUS31321	9FA7412BD6D7D0B58FB27478B98863A0
BLUS31322	4B9B42096808E91F2DAC685D3E8DB6DD
BLUS31323	7BFF8E771BFA369873FD31A9E03D281F
BLUS31324	059BBAE8DC6B90F7F617D8A751CDD4D8
BLUS31345	7B941C88AC94D65FF4A9BA6103F70BB4
BLUS31350	7AE58B91480A3CDD7539ECA20E38B32E
BLUS31357	CB7A38C61BFFFAF93BBBC7BB45F46C2D
BLUS31364	F74E4D927BCA20C3E2DDD57C12E38411
BLUS31367	FF09E81C76CDECF8DB8A447765A4C6DB
BLUS31368	BF2DD48DDAACE644868F80D512DDC7F6
BLUS31369	2BF43155C3D530953EBA4223A1AC20DC
BLUS31373	C3C690067286C46E35B3E3BD43913BD1
BLUS31374	BF9B66B9DDA8CBF03D2460A994D339E8
BLUS31377	73AADAFD008E4DAEE1109FF234B1EAA9
BLUS31378	BE795EC9D5D6000EEA6DF85FD8553C31
BLUS31381	AC5CFD7D52CE0A8AC7259F68CB881AE1
BLUS31382	60B5BF3FA5567A56F389287EAD01F251
BLUS31385	F09B005EEFBEDD59FB3515640A419B78
BLUS31386	F000BDEFFA0BDA0A08DEAB6437AEBE84
BLUS31387	E6397A59496BE9A863A99D420B10F428
BLUS31388	DA00C35D87611C88FCB92C82A7C1DF51
BLUS31389	C95B2DD5A99B5DC1952E018EB27194A3
BLUS31390	887DEFDCAE3F3C8E5F738FEFE44ED58C
BLUS31391	E9012364EFFAEBC6F3B3F5F347B4DD76
BLUS31392	C08D6ED3E07A52C6874D68ABC3895692
BLUS31393	668EF22E630AB9ABA4B4E2EDC1ADB0F9
BLUS31396	358CD9BD3CB4CBB172C9DB69D393C309
BLUS31397	9AB27D3F4AA02F612B2CCE8FFDE33B1F
BLUS31401	EF202E2B67AA9C94510B8E6EBBBE319F
BLUS31402	F0E3E2ABAA2E0C9BF06432DFCEF7F87C
BLUS31405	0F21D4870792F23AD438BB6EC9D65F32
BLUS31410	E212B24D81E218821770B7D647095F3C
BLUS31411	922C455EB0F9F2C1029D636718CC42BA
BLUS31412	586DAFDF877DD0155FD10D1F68B5C202
BLUS31416	6181962BB3DE54CBFA8C5DCE731E6BFB
BLUS31417	EFC8411C0B5CC94E4923801B2B93C8D0
BLUS31418	4677EB658F280AD9F4A53DCA68CB7D05
BLUS31420	8F07B4CC558BE3F931B00D7276D24B26
BLUS31421	B23F0F73DD7D13412F46A53B39FC2711
BLUS31423	6C5B750CC0C26A2A8A17B3F3C5DE03C2
BLUS31424	F93A652D0BAC07E10E5E54B70163E861
BLUS31425	4CA12FD0DB744B27E4A022C127DDA305
BLUS31426	9B37F2E921901E349CF4FA91B351D761
BLUS31427	98E840473BD2F07C734EF98AC82C1AB8
BLUS31428	1AAD482B6C081BEEAD0A9B8F226E1B3E
BLUS31429	B1ADB6617F7563D892C52A29DF616299
BLUS31431	5345D08637605016CA42B9557200090D
BLUS31432	7CBB0B599DE667650BF9591D1403788A
BLUS31433	AE7C1976EC438E4FF9871202F6577B68
BLUS31434	6211818B11894B6788775D526127CCCB
BLUS31435	7E7A3859F10621999F84C11074F7D8F8
BLUS31436	CA5B5DCFF2E710DBB8B49508DD7D3DAD
BLUS31437	2490E04D5CFA03BB9FAE7DD218E954C2
BLUS31438	1D039CC3E645D77DF4082B3C4EA30370
BLUS31440	A41C5F543CB886D8CF74287DAA84F32B
BLUS31441	9BB6E4DC9C3692DB7A33D809822CBCC5
BLUS31442	6CC61911D3094B7EA582A06DC01D7F1D
BLUS31443	9B3D8F9290E1FA1EB252D8FBC98A092D
BLUS31444	B4C4404CDF65582F90C3B5070EC15F92
BLUS31445	CED9D20C0CDBDCE0C225EEBBCA775E78
BLUS31447	9AB27D3F4AA02F612B2CCE8FFDE33B1F
BLUS31448	D37B4B733B41CF552D8C8FC6AD5A2A16
BLUS31449	92EAF6DDE7857B2AC1CA984417C2607F
BLUS31450	7DE49B4DACDADF34EAF71041EEA454FB
BLUS31452	38396FB62307AEE20115267D5811B70C
BLUS31453	D0439707DC222F289D4E2E08C524EF39
BLUS31454	BADFE3A367DD93B9AA0DBA2B21D9821F
BLUS31455	B41EB6A31B3E4DC7B02166084961B259
BLUS31456	E0543D5087A6C4F95D7336A7D54FA45F
BLUS31457	0EF7D480A2A0D60C71B16A54186CA3B1
BLUS31458	60A96F5B7A4596B79F713B317E3E5061
BLUS31459	5E52B4C8BA85B5BC375D147D870E6787
BLUS31460	876B3FD1F8CFD3CF6D5B7A2BC5029026
BLUS31461	2BEBCD206C42404606A40B6FC3FE193A
BLUS31464	E4F6EE371261823B4F912C4EE2AA30B5
BLUS31465	4C58D623D1674E42BD9C1E5CAD0082E5
BLUS31466	275AE3B73F5CDF0C636E979B9636C364
BLUS31467	60FD4E325CEC30BFEF01FF52CA3F010A
BLUS31468	7894216655612CC0E9B8E0751A14AFF5
BLUS31469	28AE4423A28184320E1E985A9EB7AF2C
BLUS31471	305F8FE12A1C47B844D3FEEEF954F33E
BLUS31472	8668450C3D1F524359B53288D186BAFF
BLUS31473	6BED87FA3132D892C886E203B3421345
BLUS31474	6B64C47699DA67B4D7A519722EDD98D5
BLUS31476	2BD6B4E5497FA36385182C49BE4C6898
BLUS31478	39434BB34FE5D407666C8D10CC0EDED2
BLUS31480	7CFC4C4B59201E62B2CCA0CC17DFE508
BLUS31483	C4763F4C63720D64F0811EA5580AD1CC
BLUS31488	80608710571073850E97801B9593434F
BLUS31489	3CC23D704FEE6170522D27376F803DB4
BLUS31490	61AB30377D326BEBD04EE50088742CAF
BLUS31491	2974CFCAB96866E3FE3C179B4619DE8B
BLUS31493	DE53642031145930D650A35CA0B143A4
BLUS31494	156BF0A2FFEE24C26AE4B5706F3F1675
BLUS31496	0243B403F4AE735DF8352D5469803B09
BLUS31497	138A212D1782440D9B88DEFF6B5302DB
BLUS31498	5D7A51E22A3B8AD12D303038A34725F3
BLUS31500	2BC7DFF1C5EBD390D7D41ADBA56561B9
BLUS31505	1A2D88FC19372744115EE983A047E2D5
BLUS31506	5CC029690977431F516922F223699122
BLUS31507	2D400A8F95E04DE216561F6DD03BDEFF
BLUS31508	98CB64A679DC5ED3EB8A826C8985E771
BLUS31509	6F9AA1FCE9568275EBB17BD2683CB82E
BLUS31513	9A85406D1D1282BD8E3AE504BDA98228
BLUS31515	3B954C90825A483DF4D9C234D6049B99
BLUS31516	443C62E8BB58EBAAECA84CFA57089C4F
BLUS31518	9C957BDD5B4F9B59DB1CFB7153836CB5
BLUS31519	6C22D2D17B4264F3A2EBF387BBBACDD9
BLUS31520	33C05CCC638F1D50FC24FBE1857BF970
BLUS31521	818FCC0D80EDE5C58B99EEA6B06444CE
BLUS31522	D92AE326C16F61C6B720F4E04C7309ED
BLUS31523	F15B203B1E2D39C2127E0C6CD1098660
BLUS31525	54A5AC35C1E49C520464F2F6E8FC1C62
BLUS31526	A14232836F4E68E1C1668EBCE42FF891
BLUS31527	3423474DDDDE016C8CDA391A8692245C
BLUS31528	E36B88881107C3FFE7BA7E171F4CF15A
BLUS31531	0D1BEBC151615D7C3E5B460F273AFAF6
BLUS31532	27EE819FFDA0E393BDB90531C3A12FC1
BLUS31533	62A07425CD28BD903617C75889D6E8FD
BLUS31535	D66860071E6310F998AA54089603A029
BLUS31536	1370A53A18BF9CB2D6736CEAAC2768FC
BLUS31537	CB503A4B37FAC4ED519BE78F025C0BC8
BLUS31538	1578797D2B74357EBE25C69C4EE7FCF7
BLUS31539	A41C5F543CB886D8CF74287DAA84F32B
BLUS31540	C55460C110D20109A0E9920AA0302F29
BLUS31542	6691A19354ECB06FF26FE0BE88DAF250
BLUS31543	6527E46B156A7D43350CC3C78E596402
BLUS31545	CFB4F0BCACFF4841F8530CD9BB994867
BLUS31549	4EEDF1ABEA9C90B84ACF165B524A1586
BLUS31550	628D94A1CD75E51EEC7127795FAA6E0F
BLUS31551	6A1F61585D5618AA288320CB52C3D610
BLUS31552	BF52DDE00305A3066B0DFE435CF1520A
BLUS31553	2AC20BEDFFCABE4869D94ABB1DCFBDEF
BLUS31554	EB943AB59B3BFAB22D38997DB1FD54E1
BLUS31556	833F992DABAF229FDC50F176BC01E895
BLUS31557	E2642058969B4F3CF4C4965232183B27
BLUS31558	FC6C94269A039E91DB1D075C51172221
BLUS31559	D88CFD2F095CFAC758F40CED04C0285D
BLUS31560	BCF4F89B042A44024BFBFE72F99A0E61
BLUS31561	755991D417B4AF28B10D0A52EFFE0A7C
BLUS31562	70FE0A27363DB48C9EEAC7BE730CB5B1
BLUS31563	3D6EC6017B6AD604C25DE333D4F60DEF
BLUS31564	E95C47465B7CA398DD5B3B121612DFEC
BLUS31565	66D8F5F361A952CE04858012152FDEFB
BLUS31566	F40A9488B332285705D5A436798083B5
BLUS31568	4377509261624B069D71471D530FD9FC
BLUS31570	C54CB572D3E7607BC8F612890AFBB7CC
BLUS31571	35538457DE035BE5D02FE1F663D07BD8
BLUS31572	2187717060A6640E801D8D7F0DA06495
BLUS31573	EA661F80A5783E60D8E88165CA725986
BLUS31576	3AAA0EBE61341983615029337A0ACF48
BLUS31577	528BE048FFC558605FFABBA624413A66
BLUS31578	2FE4F7E6D16EFD663E94644B15B0C60B
BLUS31579	6F6BBF715C2997D46BD5B995E905CE81
BLUS31580	A8A9A6C2CB841B2E641E657A5B166DCB
BLUS31581	8DFCB81AEC20E0A2E0536DE36DD76313
BLUS31582	AC67A4F6112AD5D9470BD1D165A55154
BLUS31584	DABA9ECB69047AA5A5A597AAAB3E28EC
BLUS31586	CA1F8B114499D9A976190DBA706CFB15
BLUS31587	D7838CE779EE2DED4C4A4A32B5E6FF98
BLUS31588	514B176D6E31FED5B55CBADA8B08C4F1
BLUS31589	BEC93903CC8A1C37E4D77C4F3570DC23
BLUS31591	7901E910CD97FEE557AE39C0F704F61E
BLUS31593	73EC475415C580D5E309091C04C330A7
BLUS31594	7C0F8368514D46B2C6CBB3AB6AE7E08B
BLUS31595	96E539E6729D1C3EC4749ACCBCA7488A
BLUS31597	93478C7773CBD18BB63287F677672263
BLUS31598	447DC5DAF0176766F7293AC520021AF3
BLUS31599	F993C8D93A6B5E4508B92B4FB47DC2C7
BLUS31600	312F2BEB86AB88146B1F9F452C4BBE45
BLUS31601	BBA3CF47E5DB97E42EBD2B4C880E49E4
BLUS31602	BD4168DACC1E5FDB64B99852F5096FA1
BLUS31604	0A37A83C029D3C5F7184E41EA6BF045E
BLUS31605	30E7CFADDDDBA35360246B440D3D8B52
BLUS31606	5CFA0146EF386D1D07A4F27D35108A50
BLUS31608	5F08817B05226446283276609646602D
BLUS31610	68637F958EFC8D0C9D430F4AB66ABD12
BLUS31611	83DCCC6E15277A604EC12DF055466C22
BLUS31612	F28D0A0D158004D9AABCFAC79B8E0561
BLUS31613	508D6870B92E29E732440D0BE40727F0
BLUS31614	543FFD518562CCA70EFE9F322CE5DB60
BLUS31616	ED2056CA4536FBA5E5C670014B27AA2F
BLUS31617	AE154FE97EE551411C048663137AEBEE
BLUS31620	C8532E44D911EF86DE79F8DC959E4009
BLUS31621	6A05CEFBCA72A435CCFDC1AE2D43EC8B
BLUS31622	BDD9A325A194DDC8BC3BAF44E3478348
BLUS41022	1652DE7D1FBD88AA627A344C3298ABE7
BLUS41028	3482C5CC7ABCFB450D933F72AA5832CA
BLUS41038	D25210B29A493D5E44EB7F78F05DAC4D
BLUS41042	D85C1945EFAE004C3C3AC06F79C4BD09
BLUS41044	5D816C636878EE6FE7C32D7AEBE80B5A
BLUS41045	90D3ED6768CA185172C87F98C3D1366A
BLUS41046	B045F01CEF39D95F815DE3AD6B9F6E4D
BLUS82012	CC5ECD01EDDDC8228D3CA929598435C8
BLUS82013	6A180BB90FA08FF4715D5575F3772439
BLUS90262	25122E68007812462E65C7E0D0E02540
XCUS00001	8FD20200554B7192F183A61FEA96DA35
XCUS00003	E4E3B98E3F51E21ABBE779E8CBFE6E55
